Sex,Pclass,Embarked,Title,FamilySize_Cat,Sex_Pclass,AgeGroup,Deck,FareBin,IsAlone,CabinKnown,Age,Fare,FarePerPerson,FamilySize,TicketGroupSize,Survived
male,3,S,Mr,Small,male_3,Adult,Unknown,Low,0,0,22.0,7.25,3.625,2,1,0.0
female,1,C,Mrs,Small,female_1,Adult,C,VeryHigh,0,1,38.0,71.2833,35.64165,2,2,1.0
female,3,S,Miss,Alone,female_3,Adult,Unknown,Medium,1,0,26.0,7.925,7.925,1,1,1.0
female,1,S,Mrs,Small,female_1,Adult,C,VeryHigh,0,1,35.0,53.1,26.55,2,2,1.0
male,3,S,Mr,Alone,male_3,Adult,Unknown,Medium,1,0,35.0,8.05,8.05,1,1,0.0
male,3,Q,Mr,Alone,male_3,Adult,Unknown,Medium,1,0,25.0,8.4583,8.4583,1,1,0.0
male,1,S,Mr,Alone,male_1,Adult,E,VeryHigh,1,1,54.0,51.8625,51.8625,1,2,0.0
male,3,S,Master,Large,male_3,Child,Unknown,High,0,0,2.0,21.075,4.215,5,5,0.0
female,3,S,Mrs,Optimal,female_3,Adult,Unknown,Medium,0,0,27.0,11.1333,3.7111,3,3,1.0
female,2,C,Mrs,Small,female_2,Child,Unknown,High,0,0,14.0,30.0708,15.0354,2,2,1.0
female,3,S,Miss,Optimal,female_3,Child,G,High,0,1,4.0,16.7,5.566666666666666,3,3,1.0
female,1,S,Miss,Alone,female_1,Adult,C,High,1,1,58.0,26.55,26.55,1,1,1.0
male,3,S,Mr,Alone,male_3,Adult,Unknown,Medium,1,0,20.0,8.05,8.05,1,1,0.0
male,3,S,Mr,Large,male_3,Adult,Unknown,High,0,0,39.0,31.275,4.4678571428571425,7,7,0.0
female,3,S,Miss,Alone,female_3,Child,Unknown,Low,1,0,14.0,7.8542,7.8542,1,1,0.0
female,2,S,Mrs,Alone,female_2,Adult,Unknown,High,1,0,55.0,16.0,16.0,1,1,1.0
male,3,Q,Master,Large,male_3,Child,Unknown,High,0,0,2.0,29.125,4.854166666666667,6,6,0.0
male,2,S,Mr,Alone,male_2,Adult,Unknown,Medium,1,0,29.5,13.0,13.0,1,1,1.0
female,3,S,Mrs,Small,female_3,Adult,Unknown,High,0,0,31.0,18.0,9.0,2,2,0.0
female,3,C,Mrs,Alone,female_3,Adult,Unknown,Low,1,0,22.0,7.225,7.225,1,1,1.0
male,2,S,Mr,Alone,male_2,Adult,Unknown,High,1,0,35.0,26.0,26.0,1,2,0.0
male,2,S,Mr,Alone,male_2,Adult,D,Medium,1,1,34.0,13.0,13.0,1,1,1.0
female,3,Q,Miss,Alone,female_3,Child,Unknown,Medium,1,0,15.0,8.0292,8.0292,1,1,1.0
male,1,S,Mr,Alone,male_1,Adult,A,VeryHigh,1,1,28.0,35.5,35.5,1,1,1.0
female,3,S,Miss,Large,female_3,Child,Unknown,High,0,0,8.0,21.075,4.215,5,5,0.0
female,3,S,Mrs,Large,female_3,Adult,Unknown,VeryHigh,0,0,38.0,31.3875,4.483928571428572,7,7,1.0
male,3,C,Mr,Alone,male_3,Adult,Unknown,Low,1,0,25.0,7.225,7.225,1,1,0.0
male,1,S,Mr,Large,male_1,Adult,C,VeryHigh,0,1,19.0,263.0,43.833333333333336,6,6,0.0
female,3,Q,Miss,Alone,female_3,Adult,Unknown,Low,1,0,22.0,7.8792,7.8792,1,1,1.0
male,3,S,Mr,Alone,male_3,Adult,Unknown,Low,1,0,25.0,7.8958,7.8958,1,1,0.0
male,1,C,Rare,Alone,male_1,Adult,Unknown,High,1,0,40.0,27.7208,27.7208,1,1,0.0
female,1,C,Mrs,Small,female_1,Adult,B,VeryHigh,0,1,36.0,146.5208,73.2604,2,3,1.0
female,3,Q,Miss,Alone,female_3,Adult,Unknown,Low,1,0,22.0,7.75,7.75,1,1,1.0
male,2,S,Mr,Alone,male_2,Elderly,Unknown,Medium,1,0,66.0,10.5,10.5,1,1,0.0
male,1,C,Mr,Small,male_1,Adult,Unknown,VeryHigh,0,0,28.0,82.1708,41.0854,2,2,0.0
male,1,S,Mr,Small,male_1,Adult,Unknown,VeryHigh,0,0,42.0,52.0,26.0,2,2,0.0
male,3,C,Mr,Alone,male_3,Adult,Unknown,Low,1,0,25.0,7.2292,7.2292,1,1,1.0
male,3,S,Mr,Alone,male_3,Adult,Unknown,Medium,1,0,21.0,8.05,8.05,1,1,0.0
female,3,S,Miss,Optimal,female_3,Adult,Unknown,High,0,0,18.0,18.0,6.0,3,2,0.0
female,3,C,Miss,Small,female_3,Child,Unknown,Medium,0,0,14.0,11.2417,5.62085,2,2,1.0
female,3,S,Mrs,Small,female_3,Adult,Unknown,Medium,0,0,40.0,9.475,4.7375,2,1,0.0
female,2,S,Mrs,Small,female_2,Adult,Unknown,High,0,0,27.0,21.0,10.5,2,2,0.0
male,3,C,Mr,Alone,male_3,Adult,Unknown,Low,1,0,25.0,7.8958,7.8958,1,1,0.0
female,2,C,Miss,Optimal,female_2,Child,Unknown,VeryHigh,0,0,3.0,41.5792,10.3948,4,4,1.0
female,3,Q,Miss,Alone,female_3,Adult,Unknown,Low,1,0,19.0,7.8792,7.8792,1,1,1.0
male,3,S,Mr,Alone,male_3,Adult,Unknown,Medium,1,0,25.0,8.05,8.05,1,1,0.0
male,3,Q,Mr,Small,male_3,Adult,Unknown,High,0,0,25.0,15.5,7.75,2,2,0.0
female,3,Q,Miss,Alone,female_3,Adult,Unknown,Low,1,0,22.0,7.75,7.75,1,1,1.0
male,3,C,Mr,Optimal,male_3,Adult,Unknown,High,0,0,25.0,21.6792,7.226400000000001,3,3,0.0
female,3,S,Mrs,Small,female_3,Adult,Unknown,High,0,0,18.0,17.8,8.9,2,2,0.0
male,3,S,Master,Large,male_3,Child,Unknown,VeryHigh,0,0,7.0,39.6875,6.614583333333333,6,7,0.0
male,3,S,Mr,Alone,male_3,Adult,Unknown,Low,1,0,21.0,7.8,7.8,1,1,0.0
female,1,C,Mrs,Small,female_1,Adult,D,VeryHigh,0,1,49.0,76.7292,38.3646,2,3,1.0
female,2,S,Mrs,Small,female_2,Adult,Unknown,High,0,0,29.0,26.0,13.0,2,2,1.0
male,1,C,Mr,Small,male_1,Elderly,B,VeryHigh,0,1,65.0,61.9792,30.9896,2,2,0.0
male,1,S,Mr,Alone,male_1,Adult,C,VeryHigh,1,1,42.0,35.5,35.5,1,1,1.0
female,2,S,Miss,Alone,female_2,Adult,Unknown,Medium,1,0,21.0,10.5,10.5,1,1,1.0
male,3,C,Mr,Alone,male_3,Adult,Unknown,Low,1,0,28.5,7.2292,7.2292,1,1,0.0
female,2,S,Miss,Optimal,female_2,Child,Unknown,High,0,0,5.0,27.75,6.9375,4,4,1.0
male,3,S,Master,Large,male_3,Child,Unknown,VeryHigh,0,0,11.0,46.9,5.8625,8,8,0.0
male,3,C,Mr,Alone,male_3,Adult,Unknown,Low,1,0,22.0,7.2292,7.2292,1,1,0.0
female,1,S,Miss,Alone,female_1,Adult,B,VeryHigh,1,1,38.0,80.0,80.0,1,2,1.0
male,1,S,Mr,Small,male_1,Adult,C,VeryHigh,0,1,45.0,83.475,41.7375,2,2,0.0
male,3,S,Master,Large,male_3,Child,Unknown,High,0,0,4.0,27.9,4.6499999999999995,6,6,0.0
male,1,C,Mr,Alone,male_1,Adult,Unknown,High,1,0,42.0,27.7208,27.7208,1,1,0.0
male,3,C,Master,Optimal,male_3,Adult,Unknown,High,0,0,25.0,15.2458,5.081933333333333,3,3,1.0
female,2,S,Mrs,Alone,female_2,Adult,F,Medium,1,1,29.0,10.5,10.5,1,1,1.0
male,3,S,Mr,Alone,male_3,Adult,Unknown,Medium,1,0,19.0,8.1583,8.1583,1,1,0.0
female,3,S,Miss,Large,female_3,Adult,Unknown,Medium,0,0,17.0,7.925,1.1321428571428571,7,1,1.0
male,3,S,Mr,Optimal,male_3,Adult,Unknown,Medium,0,0,26.0,8.6625,2.8874999999999997,3,1,0.0
male,2,S,Mr,Alone,male_2,Adult,Unknown,Medium,1,0,32.0,10.5,10.5,1,1,0.0
female,3,S,Miss,Large,female_3,Adult,Unknown,VeryHigh,0,0,16.0,46.9,5.8625,8,8,0.0
male,2,S,Mr,Alone,male_2,Adult,Unknown,VeryHigh,1,0,21.0,73.5,73.5,1,7,0.0
male,3,C,Mr,Small,male_3,Adult,Unknown,Medium,0,0,26.0,14.4542,7.2271,2,2,0.0
male,3,S,Mr,Alone,male_3,Adult,Unknown,VeryHigh,1,0,32.0,56.4958,56.4958,1,8,1.0
male,3,S,Mr,Alone,male_3,Adult,F,Low,1,1,25.0,7.65,7.65,1,1,0.0
male,3,S,Mr,Alone,male_3,Adult,Unknown,Low,1,0,25.0,7.8958,7.8958,1,1,0.0
male,3,S,Mr,Alone,male_3,Adult,Unknown,Medium,1,0,25.0,8.05,8.05,1,1,0.0
male,2,S,Master,Optimal,male_2,Child,Unknown,High,0,0,0.83,29.0,9.666666666666666,3,3,1.0
female,3,S,Miss,Alone,female_3,Adult,Unknown,Medium,1,0,30.0,12.475,12.475,1,2,1.0
male,3,S,Mr,Alone,male_3,Adult,Unknown,Medium,1,0,22.0,9.0,9.0,1,1,0.0
male,3,S,Mr,Alone,male_3,Adult,Unknown,Medium,1,0,29.0,9.5,9.5,1,1,1.0
female,3,Q,Miss,Alone,female_3,Adult,Unknown,Low,1,0,22.0,7.7875,7.7875,1,1,1.0
male,1,S,Mr,Alone,male_1,Adult,Unknown,VeryHigh,1,0,28.0,47.1,47.1,1,2,0.0
female,2,S,Miss,Alone,female_2,Adult,Unknown,Medium,1,0,17.0,10.5,10.5,1,1,1.0
female,3,S,Mrs,Optimal,female_3,Adult,Unknown,High,0,0,33.0,15.85,3.9625,4,2,1.0
male,3,S,Mr,Large,male_3,Adult,Unknown,VeryHigh,0,0,16.0,34.375,6.875,5,5,0.0
male,3,S,Mr,Alone,male_3,Adult,Unknown,Medium,1,0,25.0,8.05,8.05,1,1,0.0
female,1,S,Miss,Large,female_1,Adult,C,VeryHigh,0,1,23.0,263.0,43.833333333333336,6,6,1.0
male,3,S,Mr,Alone,male_3,Adult,Unknown,Medium,1,0,24.0,8.05,8.05,1,1,0.0
male,3,S,Mr,Alone,male_3,Adult,Unknown,Medium,1,0,29.0,8.05,8.05,1,1,0.0
male,3,S,Mr,Alone,male_3,Adult,Unknown,Low,1,0,20.0,7.8542,7.8542,1,1,0.0
male,1,S,Mr,Small,male_1,Adult,E,VeryHigh,0,1,46.0,61.175,30.5875,2,2,0.0
male,3,S,Mr,Optimal,male_3,Adult,Unknown,High,0,0,26.0,20.575,5.14375,4,4,0.0
male,3,S,Mr,Alone,male_3,Adult,Unknown,Low,1,0,59.0,7.25,7.25,1,1,0.0
male,3,S,Mr,Alone,male_3,Adult,Unknown,Medium,1,0,25.0,8.05,8.05,1,1,0.0
male,1,C,Mr,Alone,male_1,Elderly,A,VeryHigh,1,1,71.0,34.6542,34.6542,1,1,0.0
male,1,C,Mr,Small,male_1,Adult,D,VeryHigh,0,1,23.0,63.3583,31.67915,2,2,1.0
female,2,S,Mrs,Small,female_2,Adult,Unknown,High,0,0,34.0,23.0,11.5,2,2,1.0
male,2,S,Mr,Small,male_2,Adult,Unknown,High,0,0,34.0,26.0,13.0,2,2,0.0
female,3,S,Miss,Alone,female_3,Adult,Unknown,Low,1,0,28.0,7.8958,7.8958,1,1,0.0
male,3,S,Mr,Alone,male_3,Adult,Unknown,Low,1,0,25.0,7.8958,7.8958,1,1,0.0
male,1,S,Mr,Small,male_1,Adult,D,VeryHigh,0,1,21.0,77.2875,38.64375,2,2,0.0
male,3,S,Mr,Alone,male_3,Adult,Unknown,Medium,1,0,33.0,8.6542,8.6542,1,1,0.0
male,3,S,Mr,Optimal,male_3,Adult,Unknown,Medium,0,0,37.0,7.925,2.6416666666666666,3,1,0.0
male,3,S,Mr,Alone,male_3,Adult,Unknown,Low,1,0,28.0,7.8958,7.8958,1,1,0.0
female,3,S,Miss,Alone,female_3,Adult,Unknown,Low,1,0,21.0,7.65,7.65,1,1,1.0
male,3,S,Mr,Alone,male_3,Adult,Unknown,Low,1,0,25.0,7.775,7.775,1,1,1.0
male,3,S,Mr,Alone,male_3,Adult,Unknown,Low,1,0,38.0,7.8958,7.8958,1,1,0.0
female,3,Q,Miss,Small,female_3,Adult,Unknown,High,0,0,22.0,24.15,12.075,2,3,1.0
male,1,S,Mr,Alone,male_1,Adult,C,VeryHigh,1,1,47.0,52.0,52.0,1,2,0.0
female,3,C,Miss,Small,female_3,Child,Unknown,Medium,0,0,14.5,14.4542,7.2271,2,2,0.0
male,3,S,Mr,Alone,male_3,Adult,Unknown,Medium,1,0,22.0,8.05,8.05,1,1,0.0
female,3,S,Miss,Small,female_3,Adult,Unknown,Medium,0,0,20.0,9.825,4.9125,2,1,0.0
female,3,C,Miss,Alone,female_3,Adult,Unknown,High,1,0,17.0,14.4583,14.4583,1,2,0.0
male,3,S,Mr,Alone,male_3,Adult,Unknown,Medium,1,0,21.0,7.925,7.925,1,1,0.0
male,3,Q,Mr,Alone,male_3,Elderly,Unknown,Low,1,0,70.5,7.75,7.75,1,1,0.0
male,2,S,Mr,Small,male_2,Adult,Unknown,High,0,0,29.0,21.0,10.5,2,2,0.0
male,1,C,Mr,Small,male_1,Adult,B,VeryHigh,0,1,24.0,247.5208,123.7604,2,3,0.0
female,3,S,Miss,Large,female_3,Child,Unknown,High,0,0,2.0,31.275,4.4678571428571425,7,7,0.0
male,2,S,Mr,Optimal,male_2,Adult,Unknown,VeryHigh,0,0,21.0,73.5,24.5,3,7,0.0
male,3,S,Mr,Alone,male_3,Adult,Unknown,Medium,1,0,25.0,8.05,8.05,1,1,0.0
male,2,C,Mr,Small,male_2,Adult,Unknown,High,0,0,32.5,30.0708,15.0354,2,2,0.0
female,2,S,Miss,Alone,female_2,Adult,E,Medium,1,1,32.5,13.0,13.0,1,1,1.0
male,1,S,Mr,Small,male_1,Adult,D,VeryHigh,0,1,54.0,77.2875,38.64375,2,2,0.0
male,3,C,Master,Small,male_3,Child,Unknown,Medium,0,0,12.0,11.2417,5.62085,2,2,1.0
male,3,Q,Mr,Alone,male_3,Adult,Unknown,Low,1,0,25.0,7.75,7.75,1,1,0.0
male,3,S,Mr,Alone,male_3,Adult,Unknown,Low,1,0,24.0,7.1417,7.1417,1,1,1.0
female,3,C,Miss,Optimal,female_3,Adult,F,High,0,1,22.0,22.3583,7.452766666666666,3,3,1.0
male,3,S,Mr,Alone,male_3,Adult,Unknown,Low,1,0,45.0,6.975,6.975,1,1,0.0
male,3,C,Mr,Alone,male_3,Adult,Unknown,Low,1,0,33.0,7.8958,7.8958,1,1,0.0
male,3,S,Mr,Alone,male_3,Adult,Unknown,Low,1,0,20.0,7.05,7.05,1,1,0.0
female,3,S,Mrs,Small,female_3,Adult,Unknown,High,0,0,47.0,14.5,7.25,2,2,0.0
female,2,S,Mrs,Small,female_2,Adult,Unknown,High,0,0,29.0,26.0,13.0,2,2,1.0
male,2,S,Mr,Alone,male_2,Adult,Unknown,Medium,1,0,25.0,13.0,13.0,1,1,0.0
male,2,C,Mr,Alone,male_2,Adult,Unknown,High,1,0,23.0,15.0458,15.0458,1,1,0.0
female,1,S,Miss,Optimal,female_1,Adult,D,High,0,1,19.0,26.2833,8.7611,3,1,1.0
male,1,S,Mr,Small,male_1,Adult,C,VeryHigh,0,1,37.0,53.1,26.55,2,2,0.0
male,3,S,Mr,Alone,male_3,Adult,Unknown,Medium,1,0,16.0,9.2167,9.2167,1,2,0.0
male,1,C,Mr,Alone,male_1,Adult,B,VeryHigh,1,1,24.0,79.2,79.2,1,2,0.0
female,3,C,Mrs,Optimal,female_3,Adult,Unknown,High,0,0,22.0,15.2458,5.081933333333333,3,3,0.0
female,3,S,Miss,Alone,female_3,Adult,Unknown,Low,1,0,22.0,7.75,7.75,1,1,1.0
female,3,S,Mrs,Small,female_3,Adult,Unknown,High,0,0,24.0,15.85,7.925,2,2,1.0
male,3,Q,Mr,Alone,male_3,Adult,Unknown,Low,1,0,19.0,6.75,6.75,1,1,0.0
male,2,S,Mr,Alone,male_2,Adult,Unknown,Medium,1,0,18.0,11.5,11.5,1,1,0.0
male,2,S,Mr,Optimal,male_2,Adult,Unknown,VeryHigh,0,0,19.0,36.75,12.25,3,4,0.0
male,3,S,Mr,Alone,male_3,Adult,Unknown,Low,1,0,27.0,7.7958,7.7958,1,1,1.0
female,3,S,Miss,Large,female_3,Child,Unknown,VeryHigh,0,0,9.0,34.375,6.875,5,5,0.0
male,2,S,Mr,Optimal,male_2,Adult,F,High,0,1,36.5,26.0,8.666666666666666,3,3,0.0
male,2,S,Rare,Alone,male_2,Adult,Unknown,Medium,1,0,42.0,13.0,13.0,1,1,0.0
male,2,S,Rare,Alone,male_2,Adult,Unknown,Medium,1,0,51.0,12.525,12.525,1,1,0.0
female,1,S,Mrs,Small,female_1,Adult,C,VeryHigh,0,1,22.0,66.6,33.3,2,2,1.0
male,3,S,Mr,Alone,male_3,Adult,Unknown,Medium,1,0,55.5,8.05,8.05,1,1,0.0
male,3,S,Mr,Optimal,male_3,Adult,Unknown,High,0,0,40.5,14.5,4.833333333333333,3,3,0.0
male,3,S,Mr,Alone,male_3,Adult,Unknown,Low,1,0,25.0,7.3125,7.3125,1,1,0.0
male,1,C,Mr,Small,male_1,Adult,Unknown,VeryHigh,0,0,51.0,61.3792,30.6896,2,2,0.0
female,3,Q,Miss,Alone,female_3,Adult,Unknown,Low,1,0,16.0,7.7333,7.7333,1,1,1.0
male,3,S,Mr,Alone,male_3,Adult,Unknown,Medium,1,0,30.0,8.05,8.05,1,1,0.0
male,3,S,Mr,Alone,male_3,Adult,Unknown,Medium,1,0,25.0,8.6625,8.6625,1,1,0.0
male,3,S,Master,Large,male_3,Adult,Unknown,VeryHigh,0,0,25.0,69.55,6.322727272727272,11,11,0.0
male,3,S,Mr,Small,male_3,Adult,Unknown,High,0,0,44.0,16.1,8.05,2,2,0.0
female,2,S,Mrs,Alone,female_2,Adult,Unknown,High,1,0,40.0,15.75,15.75,1,2,1.0
male,3,S,Mr,Alone,male_3,Adult,Unknown,Low,1,0,26.0,7.775,7.775,1,1,0.0
male,3,S,Mr,Alone,male_3,Adult,Unknown,Medium,1,0,17.0,8.6625,8.6625,1,1,0.0
male,3,S,Master,Large,male_3,Child,Unknown,VeryHigh,0,0,1.0,39.6875,6.614583333333333,6,7,0.0
male,3,S,Master,Optimal,male_3,Child,Unknown,High,0,0,9.0,20.525,6.841666666666666,3,3,1.0
female,1,S,Mrs,Small,female_1,Adult,E,VeryHigh,0,1,36.0,55.0,27.5,2,2,1.0
female,3,S,Mrs,Large,female_3,Adult,Unknown,High,0,0,45.0,27.9,4.6499999999999995,6,6,0.0
male,1,S,Mr,Alone,male_1,Adult,Unknown,High,1,0,42.0,25.925,25.925,1,1,0.0
male,3,S,Mr,Alone,male_3,Adult,Unknown,VeryHigh,1,0,28.0,56.4958,56.4958,1,8,0.0
male,1,S,Mr,Alone,male_1,Elderly,B,VeryHigh,1,1,61.0,33.5,33.5,1,1,0.0
male,3,Q,Master,Large,male_3,Child,Unknown,High,0,0,4.0,29.125,4.854166666666667,6,6,0.0
female,3,S,Miss,Optimal,female_3,Child,Unknown,Medium,0,0,1.0,11.1333,3.7111,3,3,1.0
male,3,S,Mr,Alone,male_3,Adult,Unknown,Medium,1,0,21.0,7.925,7.925,1,1,0.0
male,1,C,Mr,Alone,male_1,Adult,A,High,1,1,56.0,30.6958,30.6958,1,1,0.0
male,3,S,Mr,Optimal,male_3,Adult,Unknown,Low,0,0,18.0,7.8542,2.6180666666666665,3,1,0.0
male,3,S,Master,Large,male_3,Adult,Unknown,High,0,0,25.0,25.4667,5.0933399999999995,5,5,0.0
female,1,C,Miss,Alone,female_1,Adult,C,High,1,1,50.0,28.7125,28.7125,1,1,0.0
male,2,S,Mr,Alone,male_2,Adult,Unknown,Medium,1,0,30.0,13.0,13.0,1,1,0.0
male,3,S,Mr,Alone,male_3,Adult,Unknown,Low,1,0,36.0,0.0,0.0,1,4,0.0
female,3,S,Miss,Large,female_3,Adult,Unknown,VeryHigh,0,0,22.0,69.55,6.322727272727272,11,11,0.0
male,2,C,Mr,Alone,male_2,Adult,Unknown,High,1,0,29.5,15.05,15.05,1,1,0.0
male,3,S,Master,Large,male_3,Child,Unknown,VeryHigh,0,0,9.0,31.3875,4.483928571428572,7,7,0.0
male,2,S,Master,Optimal,male_2,Child,F,VeryHigh,0,1,1.0,39.0,9.75,4,4,1.0
female,3,S,Miss,Optimal,female_3,Child,Unknown,High,0,0,4.0,22.025,7.341666666666666,3,3,1.0
male,1,S,Mr,Alone,male_1,Adult,A,VeryHigh,1,1,42.0,50.0,50.0,1,1,0.0
female,3,Q,Mrs,Small,female_3,Adult,Unknown,High,0,0,22.0,15.5,7.75,2,2,1.0
male,1,S,Mr,Alone,male_1,Adult,Unknown,High,1,0,45.0,26.55,26.55,1,1,1.0
male,3,Q,Mr,Optimal,male_3,Adult,Unknown,High,0,0,40.0,15.5,5.166666666666667,3,2,0.0
male,3,S,Mr,Alone,male_3,Adult,Unknown,Low,1,0,36.0,7.8958,7.8958,1,1,0.0
female,2,S,Mrs,Alone,female_2,Adult,Unknown,Medium,1,0,32.0,13.0,13.0,1,1,1.0
male,2,S,Mr,Alone,male_2,Adult,Unknown,Medium,1,0,19.0,13.0,13.0,1,1,0.0
female,3,S,Miss,Small,female_3,Adult,Unknown,Low,0,0,19.0,7.8542,3.9271,2,1,1.0
male,2,S,Master,Optimal,male_2,Child,F,High,0,1,3.0,26.0,8.666666666666666,3,3,1.0
female,1,C,Mrs,Alone,female_1,Adult,B,High,1,1,44.0,27.7208,27.7208,1,1,1.0
female,1,C,Miss,Alone,female_1,Adult,B,VeryHigh,1,1,58.0,146.5208,146.5208,1,3,1.0
male,3,Q,Mr,Alone,male_3,Adult,Unknown,Low,1,0,25.0,7.75,7.75,1,1,0.0
male,3,S,Mr,Small,male_3,Adult,Unknown,Medium,0,0,42.0,8.4042,4.2021,2,1,0.0
female,3,Q,Miss,Alone,female_3,Adult,Unknown,Low,1,0,22.0,7.75,7.75,1,1,1.0
female,2,S,Miss,Alone,female_2,Adult,Unknown,Medium,1,0,24.0,13.0,13.0,1,1,0.0
male,3,S,Mr,Alone,male_3,Adult,Unknown,Medium,1,0,28.0,9.5,9.5,1,1,0.0
male,3,S,Mr,Large,male_3,Adult,Unknown,VeryHigh,0,0,25.0,69.55,6.322727272727272,11,11,0.0
male,3,S,Mr,Alone,male_3,Adult,Unknown,Low,1,0,34.0,6.4958,6.4958,1,1,0.0
male,3,C,Mr,Alone,male_3,Adult,Unknown,Low,1,0,45.5,7.225,7.225,1,1,0.0
male,3,S,Mr,Alone,male_3,Adult,Unknown,Medium,1,0,18.0,8.05,8.05,1,1,1.0
female,3,S,Miss,Small,female_3,Child,G,Medium,0,1,2.0,10.4625,5.23125,2,2,0.0
male,3,S,Mr,Small,male_3,Adult,Unknown,High,0,0,32.0,15.85,7.925,2,2,0.0
male,3,C,Mr,Alone,male_3,Adult,Unknown,High,1,0,26.0,18.7875,18.7875,1,2,1.0
female,3,Q,Miss,Alone,female_3,Adult,Unknown,Low,1,0,16.0,7.75,7.75,1,1,1.0
male,1,C,Mr,Alone,male_1,Adult,A,High,1,1,40.0,31.0,31.0,1,1,1.0
male,3,S,Mr,Alone,male_3,Adult,Unknown,Low,1,0,24.0,7.05,7.05,1,1,0.0
female,2,S,Miss,Alone,female_2,Adult,Unknown,High,1,0,35.0,21.0,21.0,1,2,1.0
male,3,S,Mr,Alone,male_3,Adult,Unknown,Low,1,0,22.0,7.25,7.25,1,1,0.0
male,2,S,Mr,Alone,male_2,Adult,Unknown,Medium,1,0,30.0,13.0,13.0,1,1,0.0
male,3,Q,Mr,Small,male_3,Adult,Unknown,Low,0,0,25.0,7.75,3.875,2,1,0.0
female,1,C,Miss,Small,female_1,Adult,D,VeryHigh,0,1,31.0,113.275,56.6375,2,3,1.0
female,3,S,Miss,Alone,female_3,Adult,Unknown,Medium,1,0,27.0,7.925,7.925,1,1,1.0
male,2,S,Mr,Small,male_2,Adult,Unknown,High,0,0,42.0,27.0,13.5,2,2,0.0
female,1,C,Miss,Alone,female_1,Adult,D,VeryHigh,1,1,32.0,76.2917,76.2917,1,2,1.0
male,2,S,Mr,Alone,male_2,Adult,Unknown,Medium,1,0,30.0,10.5,10.5,1,1,0.0
male,3,S,Mr,Alone,male_3,Adult,Unknown,Medium,1,0,16.0,8.05,8.05,1,1,1.0
male,2,S,Mr,Alone,male_2,Adult,Unknown,Medium,1,0,27.0,13.0,13.0,1,1,0.0
male,3,S,Mr,Alone,male_3,Adult,Unknown,Medium,1,0,51.0,8.05,8.05,1,1,0.0
male,3,S,Mr,Alone,male_3,Adult,Unknown,Low,1,0,25.0,7.8958,7.8958,1,1,0.0
male,1,S,Mr,Small,male_1,Adult,C,VeryHigh,0,1,38.0,90.0,45.0,2,2,1.0
male,3,S,Mr,Alone,male_3,Adult,Unknown,Medium,1,0,22.0,9.35,9.35,1,1,0.0
male,2,S,Mr,Alone,male_2,Adult,Unknown,Medium,1,0,19.0,10.5,10.5,1,1,1.0
male,3,S,Mr,Alone,male_3,Adult,Unknown,Low,1,0,20.5,7.25,7.25,1,1,0.0
male,2,S,Mr,Alone,male_2,Adult,Unknown,Medium,1,0,18.0,13.0,13.0,1,1,0.0
female,3,S,Miss,Large,female_3,Adult,Unknown,High,0,0,22.0,25.4667,5.0933399999999995,5,5,0.0
female,1,S,Mrs,Small,female_1,Adult,C,VeryHigh,0,1,35.0,83.475,41.7375,2,2,1.0
male,3,S,Mr,Alone,male_3,Adult,Unknown,Low,1,0,29.0,7.775,7.775,1,1,0.0
male,2,S,Mr,Alone,male_2,Adult,Unknown,Medium,1,0,59.0,13.5,13.5,1,1,0.0
female,3,S,Miss,Large,female_3,Child,Unknown,VeryHigh,0,0,5.0,31.3875,4.483928571428572,7,7,1.0
male,2,S,Mr,Alone,male_2,Adult,Unknown,Medium,1,0,24.0,10.5,10.5,1,1,0.0
female,3,S,Miss,Alone,female_3,Adult,Unknown,Low,1,0,22.0,7.55,7.55,1,1,0.0
male,2,S,Mr,Small,male_2,Adult,Unknown,High,0,0,44.0,26.0,13.0,2,2,0.0
female,2,S,Miss,Optimal,female_2,Child,Unknown,High,0,0,8.0,26.25,8.75,3,3,1.0
male,2,S,Mr,Alone,male_2,Adult,Unknown,Medium,1,0,19.0,10.5,10.5,1,1,0.0
male,2,S,Mr,Alone,male_2,Adult,Unknown,Medium,1,0,33.0,12.275,12.275,1,1,0.0
female,3,C,Miss,Small,female_3,Adult,Unknown,Medium,0,0,22.0,14.4542,7.2271,2,2,0.0
female,3,Q,Miss,Small,female_3,Adult,Unknown,High,0,0,22.0,15.5,7.75,2,2,1.0
male,2,S,Mr,Alone,male_2,Adult,Unknown,Medium,1,0,29.0,10.5,10.5,1,1,0.0
male,3,S,Mr,Alone,male_3,Adult,Unknown,Low,1,0,22.0,7.125,7.125,1,1,0.0
male,3,C,Mr,Alone,male_3,Adult,Unknown,Low,1,0,30.0,7.225,7.225,1,1,0.0
male,1,Q,Rare,Optimal,male_1,Adult,C,VeryHigh,0,1,44.0,90.0,30.0,3,3,0.0
female,3,S,Miss,Alone,female_3,Adult,Unknown,Low,1,0,25.0,7.775,7.775,1,1,0.0
female,2,S,Mrs,Optimal,female_2,Adult,Unknown,High,0,0,24.0,14.5,4.833333333333333,3,2,1.0
male,1,S,Mr,Optimal,male_1,Adult,D,VeryHigh,0,1,37.0,52.5542,17.518066666666666,3,2,1.0
male,2,S,Rare,Small,male_2,Adult,Unknown,High,0,0,54.0,26.0,13.0,2,2,0.0
male,3,S,Mr,Alone,male_3,Adult,Unknown,Low,1,0,25.0,7.25,7.25,1,1,0.0
female,3,S,Mrs,Optimal,female_3,Adult,G,Medium,0,1,29.0,10.4625,3.4875000000000003,3,2,0.0
male,1,S,Mr,Alone,male_1,Elderly,C,High,1,1,62.0,26.55,26.55,1,1,0.0
male,3,S,Mr,Small,male_3,Adult,Unknown,High,0,0,30.0,16.1,8.05,2,2,0.0
female,3,S,Mrs,Optimal,female_3,Adult,Unknown,High,0,0,41.0,20.2125,6.7375,3,3,0.0
female,3,C,Mrs,Optimal,female_3,Adult,Unknown,High,0,0,29.0,15.2458,5.081933333333333,3,3,1.0
female,1,C,Mrs,Alone,female_1,Adult,Unknown,VeryHigh,1,0,36.0,79.2,79.2,1,2,1.0
female,1,S,Miss,Alone,female_1,Adult,B,VeryHigh,1,1,30.0,86.5,86.5,1,3,1.0
female,1,C,Miss,Alone,female_1,Adult,Unknown,VeryHigh,1,0,35.0,512.3292,512.3292,1,4,1.0
female,2,S,Mrs,Small,female_2,Adult,Unknown,High,0,0,50.0,26.0,13.0,2,2,1.0
male,3,Q,Mr,Alone,male_3,Adult,Unknown,Low,1,0,25.0,7.75,7.75,1,1,0.0
male,3,S,Master,Large,male_3,Child,Unknown,VeryHigh,0,0,3.0,31.3875,4.483928571428572,7,7,1.0
male,1,S,Mr,Optimal,male_1,Adult,E,VeryHigh,0,1,52.0,79.65,26.55,3,3,0.0
male,1,S,Mr,Alone,male_1,Adult,B,Low,1,1,40.0,0.0,0.0,1,1,0.0
female,3,Q,Miss,Alone,female_3,Adult,Unknown,Low,1,0,22.0,7.75,7.75,1,1,0.0
male,2,S,Mr,Alone,male_2,Adult,Unknown,Medium,1,0,36.0,10.5,10.5,1,1,0.0
male,3,S,Mr,Large,male_3,Adult,Unknown,VeryHigh,0,0,16.0,39.6875,6.614583333333333,6,7,0.0
male,3,S,Mr,Small,male_3,Adult,Unknown,Low,0,0,25.0,7.775,3.8875,2,1,1.0
female,1,S,Mrs,Small,female_1,Adult,C,VeryHigh,0,1,58.0,153.4625,76.73125,2,3,1.0
female,1,S,Miss,Alone,female_1,Adult,C,VeryHigh,1,1,35.0,135.6333,135.6333,1,4,1.0
male,1,S,Mr,Alone,male_1,Adult,Unknown,High,1,0,42.0,31.0,31.0,1,2,0.0
male,3,S,Mr,Alone,male_3,Adult,Unknown,Low,1,0,25.0,0.0,0.0,1,4,1.0
female,2,S,Mrs,Small,female_2,Adult,Unknown,High,0,0,41.0,19.5,9.75,2,2,1.0
male,1,C,Mr,Small,male_1,Adult,C,High,0,1,37.0,29.7,14.85,2,1,0.0
female,3,Q,Miss,Alone,female_3,Adult,Unknown,Low,1,0,22.0,7.75,7.75,1,1,1.0
female,1,S,Miss,Small,female_1,Elderly,D,VeryHigh,0,1,63.0,77.9583,38.97915,2,3,1.0
female,3,S,Miss,Alone,female_3,Adult,Unknown,Low,1,0,45.0,7.75,7.75,1,1,0.0
male,2,S,Mr,Alone,male_2,Adult,Unknown,Low,1,0,29.5,0.0,0.0,1,3,0.0
male,3,Q,Master,Large,male_3,Child,Unknown,High,0,0,7.0,29.125,4.854166666666667,6,6,0.0
female,3,S,Mrs,Optimal,female_3,Adult,Unknown,High,0,0,35.0,20.25,6.75,3,3,1.0
male,3,Q,Mr,Alone,male_3,Elderly,Unknown,Low,1,0,65.0,7.75,7.75,1,1,0.0
male,3,S,Mr,Alone,male_3,Adult,Unknown,Low,1,0,28.0,7.8542,7.8542,1,1,0.0
male,3,S,Mr,Alone,male_3,Adult,Unknown,Medium,1,0,16.0,9.5,9.5,1,1,0.0
male,3,S,Mr,Alone,male_3,Adult,Unknown,Medium,1,0,19.0,8.05,8.05,1,1,1.0
male,1,S,Mr,Alone,male_1,Adult,A,High,1,1,42.0,26.0,26.0,1,1,0.0
male,3,C,Mr,Alone,male_3,Adult,Unknown,Medium,1,0,33.0,8.6625,8.6625,1,1,0.0
male,3,S,Mr,Alone,male_3,Adult,Unknown,Medium,1,0,30.0,9.5,9.5,1,1,1.0
male,3,S,Mr,Alone,male_3,Adult,Unknown,Low,1,0,22.0,7.8958,7.8958,1,1,0.0
male,2,S,Mr,Alone,male_2,Adult,Unknown,Medium,1,0,42.0,13.0,13.0,1,1,1.0
female,3,Q,Miss,Alone,female_3,Adult,Unknown,Low,1,0,22.0,7.75,7.75,1,1,1.0
female,1,S,Miss,Alone,female_1,Adult,Unknown,VeryHigh,1,0,26.0,78.85,78.85,1,3,1.0
female,1,C,Mrs,Small,female_1,Adult,B,VeryHigh,0,1,19.0,91.0792,45.5396,2,2,1.0
male,2,C,Mr,Alone,male_2,Adult,D,Medium,1,1,36.0,12.875,12.875,1,1,0.0
female,3,S,Miss,Alone,female_3,Adult,Unknown,Medium,1,0,24.0,8.85,8.85,1,1,0.0
male,3,S,Mr,Alone,male_3,Adult,Unknown,Low,1,0,24.0,7.8958,7.8958,1,1,0.0
male,1,C,Mr,Alone,male_1,Adult,Unknown,High,1,0,42.0,27.7208,27.7208,1,1,0.0
male,3,C,Mr,Alone,male_3,Adult,Unknown,Low,1,0,23.5,7.2292,7.2292,1,1,0.0
female,1,S,Miss,Optimal,female_1,Child,C,VeryHigh,0,1,2.0,151.55,37.8875,4,6,0.0
male,1,S,Mr,Alone,male_1,Adult,C,High,1,1,42.0,30.5,30.5,1,1,1.0
female,1,C,Mrs,Small,female_1,Adult,B,VeryHigh,0,1,50.0,247.5208,123.7604,2,3,1.0
female,3,Q,Miss,Alone,female_3,Adult,Unknown,Low,1,0,22.0,7.75,7.75,1,1,1.0
male,3,Q,Mr,Optimal,male_3,Adult,Unknown,High,0,0,25.0,23.25,7.75,3,3,1.0
male,3,S,Mr,Alone,male_3,Adult,Unknown,Low,1,0,19.0,0.0,0.0,1,4,0.0
female,2,Q,Miss,Alone,female_2,Adult,E,Medium,1,1,28.0,12.35,12.35,1,1,1.0
male,3,S,Mr,Alone,male_3,Adult,Unknown,Medium,1,0,25.0,8.05,8.05,1,1,0.0
male,1,S,Master,Optimal,male_1,Child,C,VeryHigh,0,1,0.92,151.55,37.8875,4,6,1.0
female,1,C,Miss,Alone,female_1,Adult,Unknown,VeryHigh,1,0,36.0,110.8833,110.8833,1,4,1.0
female,1,C,Mrs,Small,female_1,Adult,C,VeryHigh,0,1,17.0,108.9,54.45,2,3,1.0
male,2,C,Mr,Small,male_2,Adult,Unknown,High,0,0,30.0,24.0,12.0,2,2,0.0
female,1,C,Miss,Alone,female_1,Adult,E,VeryHigh,1,1,30.0,56.9292,56.9292,1,2,1.0
female,1,C,Miss,Alone,female_1,Adult,C,VeryHigh,1,1,24.0,83.1583,83.1583,1,3,1.0
female,1,C,Miss,Large,female_1,Adult,B,VeryHigh,0,1,18.0,262.375,52.475,5,7,1.0
female,2,S,Mrs,Optimal,female_2,Adult,Unknown,High,0,0,26.0,26.0,8.666666666666666,3,2,0.0
male,3,S,Mr,Alone,male_3,Adult,Unknown,Low,1,0,28.0,7.8958,7.8958,1,1,0.0
male,2,S,Mr,Optimal,male_2,Adult,Unknown,High,0,0,43.0,26.25,8.75,3,3,0.0
female,3,S,Miss,Alone,female_3,Adult,Unknown,Low,1,0,26.0,7.8542,7.8542,1,1,1.0
female,2,S,Mrs,Small,female_2,Adult,Unknown,High,0,0,24.0,26.0,13.0,2,2,1.0
male,2,S,Rare,Alone,male_2,Adult,Unknown,Medium,1,0,54.0,14.0,14.0,1,1,0.0
female,1,S,Miss,Optimal,female_1,Adult,C,VeryHigh,0,1,31.0,164.8667,54.95556666666667,3,4,1.0
female,1,C,Mrs,Optimal,female_1,Adult,E,VeryHigh,0,1,40.0,134.5,44.833333333333336,3,5,1.0
male,3,S,Mr,Alone,male_3,Adult,Unknown,Low,1,0,22.0,7.25,7.25,1,1,0.0
male,3,S,Mr,Alone,male_3,Adult,Unknown,Low,1,0,27.0,7.8958,7.8958,1,1,0.0
female,2,Q,Miss,Alone,female_2,Adult,Unknown,Medium,1,0,30.0,12.35,12.35,1,1,1.0
female,2,S,Mrs,Optimal,female_2,Adult,Unknown,High,0,0,22.0,29.0,9.666666666666666,3,3,1.0
male,3,S,Mr,Large,male_3,Adult,Unknown,VeryHigh,0,0,25.0,69.55,6.322727272727272,11,11,0.0
female,1,C,Miss,Alone,female_1,Adult,C,VeryHigh,1,1,36.0,135.6333,135.6333,1,4,1.0
male,3,S,Mr,Alone,male_3,Elderly,Unknown,Low,1,0,61.0,6.2375,6.2375,1,1,0.0
female,2,S,Mrs,Alone,female_2,Adult,D,Medium,1,1,36.0,13.0,13.0,1,1,1.0
female,3,S,Mrs,Optimal,female_3,Adult,Unknown,High,0,0,31.0,20.525,6.841666666666666,3,3,1.0
female,1,C,Miss,Small,female_1,Adult,B,VeryHigh,0,1,16.0,57.9792,28.9896,2,2,1.0
female,3,Q,Miss,Optimal,female_3,Adult,Unknown,High,0,0,22.0,23.25,7.75,3,3,1.0
male,1,S,Mr,Alone,male_1,Adult,C,High,1,1,45.5,28.5,28.5,1,1,0.0
male,1,S,Mr,Small,male_1,Adult,C,VeryHigh,0,1,38.0,153.4625,76.73125,2,3,0.0
male,3,S,Mr,Optimal,male_3,Adult,Unknown,High,0,0,16.0,18.0,6.0,3,2,0.0
female,1,S,Mrs,Small,female_1,Adult,Unknown,VeryHigh,0,0,36.0,133.65,66.825,2,2,1.0
male,3,S,Mr,Alone,male_3,Adult,Unknown,Low,1,0,25.0,7.8958,7.8958,1,1,0.0
male,1,S,Mr,Small,male_1,Adult,C,VeryHigh,0,1,29.0,66.6,33.3,2,2,0.0
female,1,C,Miss,Alone,female_1,Adult,E,VeryHigh,1,1,41.0,134.5,134.5,1,5,1.0
male,3,S,Mr,Alone,male_3,Adult,Unknown,Medium,1,0,45.0,8.05,8.05,1,1,1.0
male,1,S,Mr,Alone,male_1,Adult,T,VeryHigh,1,1,45.0,35.5,35.5,1,1,0.0
male,2,S,Master,Optimal,male_2,Child,F,High,0,1,2.0,26.0,8.666666666666666,3,3,1.0
female,1,S,Miss,Large,female_1,Adult,C,VeryHigh,0,1,24.0,263.0,43.833333333333336,6,6,1.0
male,2,S,Mr,Alone,male_2,Adult,Unknown,Medium,1,0,28.0,13.0,13.0,1,1,0.0
male,2,S,Mr,Alone,male_2,Adult,Unknown,Medium,1,0,25.0,13.0,13.0,1,1,0.0
male,2,S,Mr,Alone,male_2,Adult,Unknown,Medium,1,0,36.0,13.0,13.0,1,1,0.0
female,2,S,Miss,Alone,female_2,Adult,F,Medium,1,1,24.0,13.0,13.0,1,1,1.0
female,2,S,Miss,Alone,female_2,Adult,Unknown,Medium,1,0,40.0,13.0,13.0,1,1,1.0
female,3,S,Mrs,Small,female_3,Adult,Unknown,High,0,0,22.0,16.1,8.05,2,2,1.0
male,3,S,Master,Optimal,male_3,Child,Unknown,High,0,0,3.0,15.9,5.3,3,3,1.0
male,3,S,Mr,Alone,male_3,Adult,Unknown,Medium,1,0,42.0,8.6625,8.6625,1,1,0.0
male,3,S,Mr,Alone,male_3,Adult,Unknown,Medium,1,0,23.0,9.225,9.225,1,1,0.0
male,1,S,Mr,Alone,male_1,Adult,C,VeryHigh,1,1,42.0,35.0,35.0,1,1,0.0
male,3,C,Mr,Optimal,male_3,Child,Unknown,Low,0,0,15.0,7.2292,2.409733333333333,3,1,0.0
male,3,S,Mr,Small,male_3,Adult,Unknown,High,0,0,25.0,17.8,8.9,2,2,0.0
male,3,C,Mr,Alone,male_3,Adult,Unknown,Low,1,0,25.0,7.225,7.225,1,1,0.0
male,3,S,Mr,Alone,male_3,Adult,Unknown,Medium,1,0,28.0,9.5,9.5,1,1,0.0
female,1,S,Miss,Small,female_1,Adult,E,VeryHigh,0,1,22.0,55.0,27.5,2,2,1.0
female,2,S,Miss,Alone,female_2,Adult,Unknown,Medium,1,0,38.0,13.0,13.0,1,1,0.0
female,3,Q,Miss,Alone,female_3,Adult,Unknown,Low,1,0,22.0,7.8792,7.8792,1,1,1.0
female,3,Q,Miss,Alone,female_3,Adult,Unknown,Low,1,0,22.0,7.8792,7.8792,1,1,1.0
male,3,S,Mr,Large,male_3,Adult,Unknown,High,0,0,40.0,27.9,4.6499999999999995,6,6,0.0
male,2,C,Mr,Small,male_2,Adult,Unknown,High,0,0,29.0,27.7208,13.8604,2,2,0.0
female,3,C,Mrs,Small,female_3,Adult,Unknown,Medium,0,0,45.0,14.4542,7.2271,2,2,0.0
male,3,S,Mr,Alone,male_3,Adult,Unknown,Low,1,0,35.0,7.05,7.05,1,1,0.0
male,3,Q,Mr,Small,male_3,Adult,Unknown,High,0,0,25.0,15.5,7.75,2,2,0.0
male,3,S,Mr,Alone,male_3,Adult,Unknown,Low,1,0,30.0,7.25,7.25,1,1,0.0
female,1,C,Mrs,Small,female_1,Elderly,D,VeryHigh,0,1,60.0,75.25,37.625,2,2,1.0
female,3,C,Mrs,Alone,female_3,Adult,Unknown,Low,1,0,22.0,7.2292,7.2292,1,1,1.0
female,3,Q,Miss,Alone,female_3,Adult,Unknown,Low,1,0,22.0,7.75,7.75,1,1,1.0
female,1,C,Mrs,Alone,female_1,Adult,B,VeryHigh,1,1,24.0,69.3,69.3,1,2,1.0
male,1,C,Mr,Small,male_1,Adult,E,VeryHigh,0,1,25.0,55.4417,27.72085,2,2,1.0
male,3,S,Mr,Small,male_3,Adult,Unknown,Low,0,0,18.0,6.4958,3.2479,2,1,0.0
male,3,S,Mr,Alone,male_3,Adult,Unknown,Medium,1,0,19.0,8.05,8.05,1,1,0.0
male,1,C,Mr,Alone,male_1,Adult,Unknown,VeryHigh,1,0,22.0,135.6333,135.6333,1,4,0.0
female,3,S,Miss,Large,female_3,Child,Unknown,High,0,0,3.0,21.075,4.215,5,5,0.0
female,1,C,Mrs,Small,female_1,Adult,Unknown,VeryHigh,0,0,36.0,82.1708,41.0854,2,2,1.0
female,3,S,Miss,Alone,female_3,Adult,Unknown,Low,1,0,22.0,7.25,7.25,1,1,1.0
male,1,C,Mr,Optimal,male_1,Adult,C,VeryHigh,0,1,27.0,211.5,70.5,3,5,0.0
male,3,C,Mr,Alone,male_3,Adult,Unknown,Low,1,0,20.0,4.0125,4.0125,1,1,0.0
male,3,S,Mr,Alone,male_3,Adult,Unknown,Low,1,0,19.0,7.775,7.775,1,1,0.0
female,1,C,Miss,Alone,female_1,Adult,Unknown,VeryHigh,1,0,42.0,227.525,227.525,1,5,1.0
female,3,C,Miss,Optimal,female_3,Child,Unknown,High,0,0,1.0,15.7417,5.247233333333333,3,3,1.0
male,3,S,Mr,Alone,male_3,Adult,Unknown,Medium,1,0,32.0,7.925,7.925,1,1,0.0
female,1,S,Mrs,Small,female_1,Adult,Unknown,VeryHigh,0,0,35.0,52.0,26.0,2,2,1.0
male,3,S,Mr,Alone,male_3,Adult,Unknown,Low,1,0,25.0,7.8958,7.8958,1,1,0.0
male,2,S,Mr,Alone,male_2,Adult,Unknown,VeryHigh,1,0,18.0,73.5,73.5,1,7,0.0
male,3,S,Master,Large,male_3,Child,Unknown,VeryHigh,0,0,1.0,46.9,5.8625,8,8,0.0
female,2,S,Miss,Alone,female_2,Adult,Unknown,Medium,1,0,36.0,13.0,13.0,1,1,1.0
male,3,Q,Mr,Alone,male_3,Adult,Unknown,Low,1,0,25.0,7.7292,7.7292,1,1,0.0
female,2,C,Miss,Alone,female_2,Adult,Unknown,Medium,1,0,17.0,12.0,12.0,1,1,1.0
male,1,S,Mr,Optimal,male_1,Adult,B,VeryHigh,0,1,36.0,120.0,30.0,4,4,1.0
male,3,S,Mr,Alone,male_3,Adult,Unknown,Low,1,0,21.0,7.7958,7.7958,1,1,1.0
male,3,S,Mr,Optimal,male_3,Adult,Unknown,Medium,0,0,28.0,7.925,2.6416666666666666,3,1,0.0
female,1,C,Miss,Small,female_1,Adult,D,VeryHigh,0,1,23.0,113.275,56.6375,2,3,1.0
female,3,S,Mrs,Optimal,female_3,Adult,G,High,0,1,24.0,16.7,5.566666666666666,3,3,1.0
male,3,S,Mr,Alone,male_3,Adult,Unknown,Low,1,0,22.0,7.7958,7.7958,1,1,0.0
female,3,S,Miss,Alone,female_3,Adult,Unknown,Low,1,0,31.0,7.8542,7.8542,1,1,0.0
male,2,S,Mr,Alone,male_2,Adult,Unknown,High,1,0,46.0,26.0,26.0,1,2,0.0
male,2,S,Rare,Alone,male_2,Adult,Unknown,Medium,1,0,23.0,10.5,10.5,1,1,0.0
female,2,S,Mrs,Alone,female_2,Adult,Unknown,Medium,1,0,28.0,12.65,12.65,1,1,1.0
male,3,S,Mr,Alone,male_3,Adult,Unknown,Medium,1,0,39.0,7.925,7.925,1,1,1.0
male,3,S,Mr,Alone,male_3,Adult,Unknown,Medium,1,0,26.0,8.05,8.05,1,1,0.0
female,3,S,Miss,Small,female_3,Adult,Unknown,Medium,0,0,21.0,9.825,4.9125,2,1,0.0
male,3,S,Mr,Small,male_3,Adult,Unknown,High,0,0,28.0,15.85,7.925,2,2,0.0
female,3,S,Miss,Alone,female_3,Adult,Unknown,Medium,1,0,20.0,8.6625,8.6625,1,1,0.0
male,2,S,Mr,Small,male_2,Adult,Unknown,High,0,0,34.0,21.0,10.5,2,2,0.0
male,3,S,Mr,Alone,male_3,Adult,Unknown,Low,1,0,51.0,7.75,7.75,1,1,0.0
male,2,S,Master,Optimal,male_2,Child,Unknown,High,0,0,3.0,18.75,6.25,3,3,1.0
male,3,S,Mr,Alone,male_3,Adult,Unknown,Low,1,0,21.0,7.775,7.775,1,1,0.0
female,3,S,Miss,Large,female_3,Adult,Unknown,High,0,0,22.0,25.4667,5.0933399999999995,5,5,0.0
male,3,S,Mr,Alone,male_3,Adult,Unknown,Low,1,0,25.0,7.8958,7.8958,1,1,0.0
male,3,Q,Mr,Alone,male_3,Adult,Unknown,Low,1,0,25.0,6.8583,6.8583,1,1,0.0
female,1,Q,Miss,Small,female_1,Adult,C,VeryHigh,0,1,33.0,90.0,45.0,2,3,1.0
male,2,S,Mr,Alone,male_2,Adult,Unknown,Low,1,0,29.5,0.0,0.0,1,3,0.0
male,3,S,Mr,Alone,male_3,Adult,Unknown,Medium,1,0,44.0,7.925,7.925,1,1,1.0
female,3,S,Mrs,Alone,female_3,Adult,Unknown,Medium,1,0,22.0,8.05,8.05,1,1,0.0
female,2,S,Mrs,Optimal,female_2,Adult,Unknown,VeryHigh,0,0,34.0,32.5,10.833333333333334,3,3,1.0
female,2,S,Miss,Optimal,female_2,Adult,Unknown,Medium,0,0,18.0,13.0,4.333333333333333,3,1,1.0
male,2,S,Mr,Alone,male_2,Adult,Unknown,Medium,1,0,30.0,13.0,13.0,1,1,0.0
female,3,S,Miss,Optimal,female_3,Child,Unknown,High,0,0,10.0,24.15,8.049999999999999,3,3,0.0
male,3,C,Mr,Alone,male_3,Adult,Unknown,Low,1,0,25.0,7.8958,7.8958,1,1,0.0
male,3,Q,Mr,Alone,male_3,Adult,Unknown,Low,1,0,21.0,7.7333,7.7333,1,1,0.0
male,3,S,Mr,Alone,male_3,Adult,Unknown,Low,1,0,29.0,7.875,7.875,1,1,0.0
female,3,S,Mrs,Optimal,female_3,Adult,Unknown,Medium,0,0,28.0,14.4,4.8,3,3,0.0
male,3,S,Mr,Optimal,male_3,Adult,Unknown,High,0,0,18.0,20.2125,6.7375,3,3,0.0
male,3,S,Mr,Alone,male_3,Adult,Unknown,Low,1,0,25.0,7.25,7.25,1,1,0.0
female,2,S,Mrs,Small,female_2,Adult,Unknown,High,0,0,28.0,26.0,13.0,2,2,1.0
female,2,S,Miss,Alone,female_2,Adult,Unknown,High,1,0,19.0,26.0,26.0,1,2,1.0
male,3,Q,Mr,Alone,male_3,Adult,Unknown,Low,1,0,25.0,7.75,7.75,1,1,0.0
male,3,S,Mr,Alone,male_3,Adult,E,Medium,1,1,32.0,8.05,8.05,1,1,1.0
male,1,S,Mr,Alone,male_1,Adult,C,High,1,1,28.0,26.55,26.55,1,1,1.0
female,3,S,Mrs,Small,female_3,Adult,Unknown,High,0,0,22.0,16.1,8.05,2,2,1.0
female,2,S,Mrs,Small,female_2,Adult,Unknown,High,0,0,42.0,26.0,13.0,2,2,1.0
male,3,S,Mr,Alone,male_3,Adult,Unknown,Low,1,0,17.0,7.125,7.125,1,1,0.0
male,1,S,Mr,Small,male_1,Adult,E,VeryHigh,0,1,50.0,55.9,27.95,2,2,0.0
female,1,S,Miss,Optimal,female_1,Child,B,VeryHigh,0,1,14.0,120.0,30.0,4,4,1.0
female,3,S,Miss,Large,female_3,Adult,Unknown,VeryHigh,0,0,21.0,34.375,6.875,5,5,0.0
female,2,S,Mrs,Large,female_2,Adult,Unknown,High,0,0,24.0,18.75,3.125,6,3,1.0
male,1,S,Mr,Large,male_1,Elderly,C,VeryHigh,0,1,64.0,263.0,43.833333333333336,6,6,0.0
male,2,S,Mr,Alone,male_2,Adult,Unknown,Medium,1,0,31.0,10.5,10.5,1,1,0.0
female,2,S,Mrs,Optimal,female_2,Adult,Unknown,High,0,0,45.0,26.25,8.75,3,3,1.0
male,3,S,Mr,Alone,male_3,Adult,Unknown,Medium,1,0,20.0,9.5,9.5,1,1,0.0
male,3,S,Mr,Small,male_3,Adult,Unknown,Low,0,0,25.0,7.775,3.8875,2,1,0.0
female,2,S,Miss,Alone,female_2,Adult,Unknown,Medium,1,0,28.0,13.0,13.0,1,1,1.0
male,3,S,Mr,Alone,male_3,Adult,Unknown,Medium,1,0,25.0,8.1125,8.1125,1,1,1.0
male,1,S,Master,Optimal,male_1,Child,A,VeryHigh,0,1,4.0,81.8583,27.2861,3,3,1.0
female,2,S,Miss,Small,female_2,Child,Unknown,High,0,0,13.0,19.5,9.75,2,2,1.0
male,1,S,Mr,Alone,male_1,Adult,Unknown,High,1,0,34.0,26.55,26.55,1,1,1.0
female,3,C,Miss,Optimal,female_3,Child,Unknown,High,0,0,5.0,19.2583,4.814575,4,4,1.0
male,1,S,Rare,Alone,male_1,Adult,C,High,1,1,52.0,30.5,30.5,1,1,1.0
male,2,S,Mr,Optimal,male_2,Adult,Unknown,High,0,0,36.0,27.75,6.9375,4,4,0.0
male,3,S,Mr,Small,male_3,Adult,Unknown,High,0,0,25.0,19.9667,9.98335,2,1,0.0
male,1,C,Mr,Alone,male_1,Adult,C,High,1,1,30.0,27.75,27.75,1,1,0.0
male,1,C,Mr,Small,male_1,Adult,C,VeryHigh,0,1,49.0,89.1042,44.5521,2,2,1.0
male,3,S,Mr,Alone,male_3,Adult,Unknown,Medium,1,0,25.0,8.05,8.05,1,1,0.0
male,3,C,Mr,Alone,male_3,Adult,Unknown,Low,1,0,29.0,7.8958,7.8958,1,1,1.0
male,1,S,Mr,Alone,male_1,Elderly,E,High,1,1,65.0,26.55,26.55,1,1,0.0
female,1,S,Mrs,Small,female_1,Adult,D,VeryHigh,0,1,36.0,51.8625,25.93125,2,2,1.0
female,2,S,Miss,Alone,female_2,Adult,Unknown,Medium,1,0,50.0,10.5,10.5,1,1,1.0
male,3,Q,Mr,Alone,male_3,Adult,Unknown,Low,1,0,25.0,7.75,7.75,1,1,0.0
male,1,S,Mr,Alone,male_1,Adult,E,High,1,1,48.0,26.55,26.55,1,1,1.0
male,3,S,Mr,Alone,male_3,Adult,Unknown,Medium,1,0,34.0,8.05,8.05,1,1,0.0
male,1,S,Mr,Alone,male_1,Adult,E,VeryHigh,1,1,47.0,38.5,38.5,1,1,0.0
male,2,S,Mr,Alone,male_2,Adult,Unknown,Medium,1,0,48.0,13.0,13.0,1,1,0.0
male,3,S,Mr,Alone,male_3,Adult,Unknown,Medium,1,0,25.0,8.05,8.05,1,1,0.0
male,3,S,Mr,Alone,male_3,Adult,Unknown,Low,1,0,38.0,7.05,7.05,1,1,0.0
male,2,S,Mr,Alone,male_2,Adult,Unknown,Low,1,0,29.5,0.0,0.0,1,3,0.0
male,1,S,Mr,Alone,male_1,Adult,Unknown,High,1,0,56.0,26.55,26.55,1,1,0.0
male,3,Q,Mr,Alone,male_3,Adult,Unknown,Low,1,0,25.0,7.725,7.725,1,1,0.0
female,3,C,Miss,Optimal,female_3,Child,Unknown,High,0,0,0.75,19.2583,4.814575,4,4,1.0
male,3,S,Mr,Alone,male_3,Adult,Unknown,Low,1,0,25.0,7.25,7.25,1,1,0.0
male,3,S,Mr,Alone,male_3,Adult,Unknown,Medium,1,0,38.0,8.6625,8.6625,1,1,0.0
female,2,S,Mrs,Optimal,female_2,Adult,Unknown,High,0,0,33.0,27.75,6.9375,4,4,1.0
female,2,C,Mrs,Alone,female_2,Adult,D,Medium,1,1,23.0,13.7917,13.7917,1,1,1.0
female,3,S,Miss,Alone,female_3,Adult,Unknown,Medium,1,0,22.0,9.8375,9.8375,1,1,0.0
male,1,S,Mr,Alone,male_1,Adult,A,VeryHigh,1,1,42.0,52.0,52.0,1,2,0.0
male,2,S,Mr,Small,male_2,Adult,Unknown,High,0,0,34.0,21.0,10.5,2,2,0.0
male,3,S,Mr,Small,male_3,Adult,Unknown,Low,0,0,29.0,7.0458,3.5229,2,1,0.0
male,3,S,Mr,Alone,male_3,Adult,Unknown,Low,1,0,22.0,7.5208,7.5208,1,1,0.0
female,3,S,Miss,Small,female_3,Child,Unknown,Medium,0,0,2.0,12.2875,6.14375,2,2,1.0
male,3,S,Master,Large,male_3,Child,Unknown,VeryHigh,0,0,9.0,46.9,5.8625,8,8,0.0
male,2,S,Mr,Alone,male_2,Adult,Unknown,Low,1,0,29.5,0.0,0.0,1,1,0.0
male,3,S,Mr,Alone,male_3,Adult,Unknown,Medium,1,0,50.0,8.05,8.05,1,1,0.0
female,3,S,Mrs,Alone,female_3,Elderly,Unknown,Medium,1,0,63.0,9.5875,9.5875,1,1,1.0
male,1,C,Mr,Small,male_1,Adult,B,VeryHigh,0,1,25.0,91.0792,45.5396,2,2,1.0
female,3,S,Miss,Large,female_3,Adult,Unknown,High,0,0,22.0,25.4667,5.0933399999999995,5,5,0.0
female,1,S,Mrs,Small,female_1,Adult,C,VeryHigh,0,1,35.0,90.0,45.0,2,2,1.0
male,1,C,Mr,Alone,male_1,Adult,B,High,1,1,58.0,29.7,29.7,1,1,0.0
male,3,S,Mr,Alone,male_3,Adult,Unknown,Medium,1,0,30.0,8.05,8.05,1,1,0.0
male,3,S,Master,Optimal,male_3,Child,Unknown,High,0,0,9.0,15.9,5.3,3,3,1.0
male,3,S,Mr,Small,male_3,Adult,Unknown,High,0,0,25.0,19.9667,9.98335,2,1,0.0
male,3,S,Mr,Alone,male_3,Adult,Unknown,Low,1,0,21.0,7.25,7.25,1,1,0.0
male,1,S,Mr,Alone,male_1,Adult,C,High,1,1,55.0,30.5,30.5,1,1,0.0
male,1,C,Mr,Alone,male_1,Elderly,Unknown,VeryHigh,1,0,71.0,49.5042,49.5042,1,1,0.0
male,3,S,Mr,Alone,male_3,Adult,Unknown,Medium,1,0,21.0,8.05,8.05,1,1,0.0
male,3,C,Mr,Alone,male_3,Adult,Unknown,High,1,0,25.0,14.4583,14.4583,1,2,0.0
female,1,C,Miss,Small,female_1,Adult,D,VeryHigh,0,1,54.0,78.2667,39.13335,2,2,1.0
male,3,S,Mr,Alone,male_3,Adult,Unknown,High,1,0,25.0,15.1,15.1,1,2,0.0
female,1,S,Mrs,Optimal,female_1,Adult,C,VeryHigh,0,1,25.0,151.55,37.8875,4,6,0.0
male,3,S,Mr,Alone,male_3,Adult,Unknown,Low,1,0,24.0,7.7958,7.7958,1,1,0.0
male,3,S,Mr,Alone,male_3,Adult,Unknown,Medium,1,0,17.0,8.6625,8.6625,1,1,0.0
female,3,Q,Miss,Alone,female_3,Adult,Unknown,Low,1,0,21.0,7.75,7.75,1,1,0.0
female,3,Q,Miss,Alone,female_3,Adult,Unknown,Low,1,0,22.0,7.6292,7.6292,1,1,0.0
female,3,S,Miss,Alone,female_3,Adult,Unknown,Medium,1,0,37.0,9.5875,9.5875,1,1,0.0
female,1,S,Miss,Alone,female_1,Adult,B,VeryHigh,1,1,16.0,86.5,86.5,1,3,1.0
male,1,C,Mr,Small,male_1,Adult,C,VeryHigh,0,1,18.0,108.9,54.45,2,3,0.0
female,2,S,Mrs,Optimal,female_2,Adult,Unknown,High,0,0,33.0,26.0,8.666666666666666,3,3,1.0
male,1,S,Mr,Alone,male_1,Adult,Unknown,High,1,0,42.0,26.55,26.55,1,1,1.0
male,3,S,Mr,Alone,male_3,Adult,Unknown,High,1,0,28.0,22.525,22.525,1,3,0.0
male,3,S,Mr,Alone,male_3,Adult,Unknown,VeryHigh,1,0,26.0,56.4958,56.4958,1,8,1.0
male,3,Q,Mr,Alone,male_3,Adult,Unknown,Low,1,0,29.0,7.75,7.75,1,1,1.0
male,3,S,Mr,Alone,male_3,Adult,Unknown,Medium,1,0,25.0,8.05,8.05,1,1,0.0
male,1,S,Mr,Alone,male_1,Adult,E,High,1,1,36.0,26.2875,26.2875,1,1,1.0
female,1,C,Mrs,Small,female_1,Adult,Unknown,VeryHigh,0,0,54.0,59.4,29.7,2,2,1.0
male,3,S,Mr,Alone,male_3,Adult,Unknown,Low,1,0,24.0,7.4958,7.4958,1,1,0.0
male,1,S,Mr,Alone,male_1,Adult,D,VeryHigh,1,1,47.0,34.0208,34.0208,1,1,0.0
female,2,S,Mrs,Alone,female_2,Adult,F,Medium,1,1,34.0,10.5,10.5,1,1,1.0
male,3,Q,Mr,Alone,male_3,Adult,Unknown,High,1,0,25.0,24.15,24.15,1,3,0.0
female,2,S,Mrs,Small,female_2,Adult,Unknown,High,0,0,36.0,26.0,13.0,2,2,1.0
male,3,S,Mr,Alone,male_3,Adult,Unknown,Low,1,0,32.0,7.8958,7.8958,1,1,0.0
female,1,S,Miss,Alone,female_1,Adult,B,VeryHigh,1,1,30.0,93.5,93.5,1,4,1.0
male,3,S,Mr,Alone,male_3,Adult,Unknown,Low,1,0,22.0,7.8958,7.8958,1,1,0.0
male,3,C,Mr,Alone,male_3,Adult,Unknown,Low,1,0,25.0,7.225,7.225,1,1,0.0
female,1,C,Mrs,Small,female_1,Adult,B,VeryHigh,0,1,44.0,57.9792,28.9896,2,2,1.0
male,3,C,Mr,Alone,male_3,Adult,Unknown,Low,1,0,25.0,7.2292,7.2292,1,1,0.0
male,3,Q,Mr,Alone,male_3,Adult,Unknown,Low,1,0,40.5,7.75,7.75,1,1,0.0
female,2,S,Miss,Alone,female_2,Adult,Unknown,Medium,1,0,50.0,10.5,10.5,1,1,1.0
male,1,S,Mr,Alone,male_1,Adult,C,VeryHigh,1,1,42.0,221.7792,221.7792,1,4,0.0
male,3,S,Mr,Alone,male_3,Adult,Unknown,Medium,1,0,39.0,7.925,7.925,1,1,0.0
male,2,S,Mr,Optimal,male_2,Adult,Unknown,Medium,0,0,23.0,11.5,2.875,4,1,0.0
female,2,S,Miss,Optimal,female_2,Child,Unknown,High,0,0,2.0,26.0,8.666666666666666,3,3,1.0
male,3,C,Mr,Alone,male_3,Adult,Unknown,Low,1,0,25.0,7.2292,7.2292,1,1,0.0
male,3,C,Mr,Optimal,male_3,Adult,Unknown,Low,0,0,17.0,7.2292,2.409733333333333,3,1,0.0
female,3,C,Mrs,Optimal,female_3,Adult,Unknown,High,0,0,22.0,22.3583,7.452766666666666,3,3,1.0
female,3,S,Miss,Alone,female_3,Adult,Unknown,Medium,1,0,30.0,8.6625,8.6625,1,1,0.0
female,2,S,Miss,Optimal,female_2,Child,Unknown,High,0,0,7.0,26.25,8.75,3,3,1.0
male,1,S,Rare,Alone,male_1,Adult,B,High,1,1,45.0,26.55,26.55,1,1,0.0
female,1,C,Miss,Alone,female_1,Adult,Unknown,VeryHigh,1,0,30.0,106.425,106.425,1,3,1.0
male,3,S,Mr,Alone,male_3,Adult,Unknown,High,1,0,25.0,14.5,14.5,1,2,0.0
female,1,C,Miss,Optimal,female_1,Adult,B,VeryHigh,0,1,22.0,49.5,16.5,3,1,1.0
female,1,S,Miss,Optimal,female_1,Adult,B,VeryHigh,0,1,36.0,71.0,23.666666666666668,3,2,1.0
female,3,S,Miss,Large,female_3,Child,Unknown,High,0,0,9.0,31.275,4.4678571428571425,7,7,0.0
female,3,S,Miss,Large,female_3,Child,Unknown,High,0,0,11.0,31.275,4.4678571428571425,7,7,0.0
male,2,S,Mr,Small,male_2,Adult,Unknown,High,0,0,32.0,26.0,13.0,2,2,1.0
male,1,C,Mr,Small,male_1,Adult,C,VeryHigh,0,1,50.0,106.425,53.2125,2,3,0.0
male,1,S,Mr,Alone,male_1,Elderly,Unknown,High,1,0,64.0,26.0,26.0,1,1,0.0
female,2,S,Mrs,Small,female_2,Adult,Unknown,High,0,0,19.0,26.0,13.0,2,2,1.0
male,2,C,Mr,Alone,male_2,Adult,Unknown,Medium,1,0,29.5,13.8625,13.8625,1,1,1.0
male,3,S,Mr,Optimal,male_3,Adult,Unknown,High,0,0,33.0,20.525,6.841666666666666,3,3,0.0
male,2,S,Master,Optimal,male_2,Child,Unknown,VeryHigh,0,0,8.0,36.75,12.25,3,4,1.0
male,1,C,Mr,Optimal,male_1,Adult,C,VeryHigh,0,1,17.0,110.8833,36.9611,3,4,1.0
male,2,S,Mr,Alone,male_2,Adult,Unknown,High,1,0,27.0,26.0,26.0,1,2,0.0
male,3,Q,Mr,Alone,male_3,Adult,Unknown,Low,1,0,25.0,7.8292,7.8292,1,1,0.0
male,3,C,Mr,Alone,male_3,Adult,Unknown,Low,1,0,22.0,7.225,7.225,1,1,1.0
female,3,S,Miss,Alone,female_3,Adult,Unknown,Low,1,0,22.0,7.775,7.775,1,1,1.0
male,1,S,Mr,Alone,male_1,Elderly,Unknown,High,1,0,62.0,26.55,26.55,1,1,0.0
female,1,C,Rare,Small,female_1,Adult,A,VeryHigh,0,1,48.0,39.6,19.8,2,1,1.0
male,1,C,Mr,Alone,male_1,Adult,Unknown,VeryHigh,1,0,42.0,227.525,227.525,1,5,0.0
female,1,S,Mrs,Optimal,female_1,Adult,E,VeryHigh,0,1,39.0,79.65,26.55,3,3,1.0
female,3,S,Mrs,Small,female_3,Adult,Unknown,High,0,0,36.0,17.4,8.7,2,2,1.0
male,3,Q,Mr,Alone,male_3,Adult,Unknown,Low,1,0,25.0,7.75,7.75,1,1,0.0
male,3,S,Mr,Alone,male_3,Adult,Unknown,Low,1,0,40.0,7.8958,7.8958,1,1,0.0
male,2,S,Mr,Alone,male_2,Adult,Unknown,Medium,1,0,28.0,13.5,13.5,1,1,0.0
male,3,S,Mr,Alone,male_3,Adult,Unknown,Medium,1,0,25.0,8.05,8.05,1,1,0.0
female,3,S,Miss,Alone,female_3,Adult,Unknown,Medium,1,0,22.0,8.05,8.05,1,1,0.0
male,3,S,Mr,Optimal,male_3,Adult,Unknown,High,0,0,24.0,24.15,8.049999999999999,3,3,0.0
male,3,S,Mr,Alone,male_3,Adult,Unknown,Low,1,0,19.0,7.8958,7.8958,1,1,0.0
female,3,S,Mrs,Large,female_3,Adult,Unknown,High,0,0,29.0,21.075,4.215,5,5,0.0
male,3,C,Mr,Alone,male_3,Adult,Unknown,Low,1,0,25.0,7.2292,7.2292,1,1,0.0
male,3,S,Mr,Alone,male_3,Adult,Unknown,Low,1,0,32.0,7.8542,7.8542,1,1,1.0
male,2,S,Mr,Alone,male_2,Elderly,Unknown,Medium,1,0,62.0,10.5,10.5,1,1,1.0
female,1,S,Mrs,Optimal,female_1,Adult,C,VeryHigh,0,1,53.0,51.4792,17.15973333333333,3,2,1.0
male,1,S,Mr,Alone,male_1,Adult,E,High,1,1,36.0,26.3875,26.3875,1,1,1.0
female,3,Q,Miss,Alone,female_3,Adult,Unknown,Low,1,0,22.0,7.75,7.75,1,1,1.0
male,3,S,Mr,Alone,male_3,Adult,Unknown,Medium,1,0,16.0,8.05,8.05,1,1,0.0
male,3,S,Mr,Alone,male_3,Adult,Unknown,High,1,0,19.0,14.5,14.5,1,2,0.0
female,2,S,Miss,Alone,female_2,Adult,Unknown,Medium,1,0,34.0,13.0,13.0,1,1,1.0
female,1,S,Mrs,Small,female_1,Adult,E,VeryHigh,0,1,39.0,55.9,27.95,2,2,1.0
female,3,C,Mrs,Small,female_3,Adult,Unknown,High,0,0,22.0,14.4583,7.22915,2,2,0.0
male,3,S,Mr,Alone,male_3,Adult,Unknown,Medium,1,0,32.0,7.925,7.925,1,1,1.0
female,2,S,Miss,Optimal,female_2,Adult,Unknown,High,0,0,25.0,30.0,10.0,3,2,1.0
female,1,C,Mrs,Optimal,female_1,Adult,C,VeryHigh,0,1,39.0,110.8833,36.9611,3,4,1.0
male,2,S,Mr,Alone,male_2,Adult,Unknown,High,1,0,54.0,26.0,26.0,1,2,0.0
male,1,C,Mr,Alone,male_1,Adult,A,VeryHigh,1,1,36.0,40.125,40.125,1,1,0.0
male,3,C,Mr,Alone,male_3,Adult,Unknown,Medium,1,0,25.0,8.7125,8.7125,1,1,0.0
female,1,S,Miss,Optimal,female_1,Adult,E,VeryHigh,0,1,18.0,79.65,26.55,3,3,1.0
male,2,S,Mr,Alone,male_2,Adult,Unknown,High,1,0,47.0,15.0,15.0,1,1,0.0
male,1,C,Mr,Optimal,male_1,Elderly,B,VeryHigh,0,1,60.0,79.2,26.400000000000002,3,2,1.0
male,3,S,Mr,Alone,male_3,Adult,Unknown,Medium,1,0,22.0,8.05,8.05,1,1,0.0
male,3,S,Mr,Alone,male_3,Adult,Unknown,Medium,1,0,25.0,8.05,8.05,1,1,0.0
male,3,S,Mr,Alone,male_3,Adult,Unknown,Low,1,0,35.0,7.125,7.125,1,1,0.0
female,1,C,Mrs,Small,female_1,Adult,D,VeryHigh,0,1,52.0,78.2667,39.13335,2,2,1.0
male,3,S,Mr,Alone,male_3,Adult,Unknown,Low,1,0,47.0,7.25,7.25,1,1,0.0
female,3,Q,Miss,Optimal,female_3,Adult,Unknown,Low,0,0,22.0,7.75,2.5833333333333335,3,1,0.0
male,2,S,Mr,Small,male_2,Adult,Unknown,High,0,0,37.0,26.0,13.0,2,2,0.0
male,3,S,Mr,Optimal,male_3,Adult,Unknown,High,0,0,36.0,24.15,8.049999999999999,3,3,0.0
female,2,S,Miss,Alone,female_2,Adult,Unknown,VeryHigh,1,0,28.0,33.0,33.0,1,3,1.0
male,3,S,Mr,Alone,male_3,Adult,Unknown,Low,1,0,49.0,0.0,0.0,1,4,0.0
male,3,C,Mr,Alone,male_3,Adult,Unknown,Low,1,0,25.0,7.225,7.225,1,1,0.0
male,1,C,Rare,Small,male_1,Adult,A,VeryHigh,0,1,49.0,56.9292,28.4646,2,2,1.0
female,2,S,Mrs,Optimal,female_2,Adult,Unknown,High,0,0,24.0,27.0,6.75,4,2,1.0
male,3,S,Mr,Alone,male_3,Adult,Unknown,Low,1,0,25.0,7.8958,7.8958,1,1,0.0
male,1,S,Mr,Alone,male_1,Adult,Unknown,VeryHigh,1,0,42.0,42.4,42.4,1,2,0.0
male,3,S,Mr,Alone,male_3,Adult,Unknown,Medium,1,0,44.0,8.05,8.05,1,1,0.0
male,1,C,Mr,Alone,male_1,Adult,Unknown,High,1,0,35.0,26.55,26.55,1,1,1.0
male,3,S,Mr,Small,male_3,Adult,Unknown,High,0,0,36.0,15.55,7.775,2,2,0.0
male,3,S,Mr,Alone,male_3,Adult,Unknown,Low,1,0,30.0,7.8958,7.8958,1,1,0.0
male,1,S,Mr,Alone,male_1,Adult,Unknown,High,1,0,27.0,30.5,30.5,1,1,1.0
female,2,C,Mrs,Optimal,female_2,Adult,Unknown,VeryHigh,0,0,22.0,41.5792,10.3948,4,4,1.0
female,1,S,Miss,Alone,female_1,Adult,C,VeryHigh,1,1,40.0,153.4625,153.4625,1,3,1.0
female,3,S,Mrs,Large,female_3,Adult,Unknown,High,0,0,39.0,31.275,4.4678571428571425,7,7,0.0
male,3,S,Mr,Alone,male_3,Adult,Unknown,Low,1,0,25.0,7.05,7.05,1,1,0.0
female,3,Q,Miss,Small,female_3,Adult,Unknown,High,0,0,22.0,15.5,7.75,2,2,1.0
male,3,Q,Mr,Alone,male_3,Adult,Unknown,Low,1,0,25.0,7.75,7.75,1,1,0.0
male,3,S,Mr,Alone,male_3,Adult,Unknown,Medium,1,0,35.0,8.05,8.05,1,1,0.0
female,2,S,Miss,Optimal,female_2,Adult,Unknown,VeryHigh,0,0,24.0,65.0,16.25,4,5,1.0
male,3,S,Mr,Optimal,male_3,Adult,Unknown,Medium,0,0,34.0,14.4,4.8,3,3,0.0
female,3,S,Mrs,Small,female_3,Adult,Unknown,High,0,0,26.0,16.1,8.05,2,2,0.0
female,2,S,Miss,Optimal,female_2,Child,F,VeryHigh,0,1,4.0,39.0,9.75,4,4,1.0
male,2,S,Mr,Alone,male_2,Adult,Unknown,Medium,1,0,26.0,10.5,10.5,1,1,0.0
male,3,C,Mr,Small,male_3,Adult,Unknown,Medium,0,0,27.0,14.4542,7.2271,2,2,0.0
male,1,S,Mr,Small,male_1,Adult,D,VeryHigh,0,1,42.0,52.5542,26.2771,2,2,1.0
male,3,C,Mr,Optimal,male_3,Adult,Unknown,High,0,0,20.0,15.7417,5.247233333333333,3,3,1.0
male,3,S,Mr,Alone,male_3,Adult,Unknown,Low,1,0,21.0,7.8542,7.8542,1,1,0.0
male,3,S,Mr,Alone,male_3,Adult,Unknown,High,1,0,21.0,16.1,16.1,1,2,0.0
male,1,S,Mr,Alone,male_1,Elderly,D,VeryHigh,1,1,61.0,32.3208,32.3208,1,1,0.0
male,2,Q,Rare,Alone,male_2,Adult,Unknown,Medium,1,0,57.0,12.35,12.35,1,1,0.0
female,1,S,Miss,Alone,female_1,Adult,D,VeryHigh,1,1,21.0,77.9583,77.9583,1,3,1.0
male,3,S,Mr,Alone,male_3,Adult,Unknown,Low,1,0,26.0,7.8958,7.8958,1,1,0.0
male,3,Q,Mr,Alone,male_3,Adult,Unknown,Low,1,0,25.0,7.7333,7.7333,1,1,0.0
male,1,S,Mr,Alone,male_1,Elderly,A,High,1,1,80.0,30.0,30.0,1,1,1.0
male,3,S,Mr,Alone,male_3,Adult,Unknown,Low,1,0,51.0,7.0542,7.0542,1,1,0.0
male,1,C,Rare,Alone,male_1,Adult,B,High,1,1,32.0,30.5,30.5,1,1,1.0
male,1,S,Mr,Alone,male_1,Adult,Unknown,Low,1,0,42.0,0.0,0.0,1,1,0.0
female,3,S,Miss,Large,female_3,Child,Unknown,High,0,0,9.0,27.9,4.6499999999999995,6,6,0.0
female,2,S,Miss,Alone,female_2,Adult,Unknown,Medium,1,0,28.0,13.0,13.0,1,1,1.0
male,3,S,Mr,Alone,male_3,Adult,Unknown,Medium,1,0,32.0,7.925,7.925,1,1,0.0
male,2,S,Mr,Optimal,male_2,Adult,Unknown,High,0,0,31.0,26.25,8.75,3,3,0.0
female,3,S,Mrs,Large,female_3,Adult,Unknown,VeryHigh,0,0,41.0,39.6875,6.614583333333333,6,7,0.0
male,3,S,Mr,Small,male_3,Adult,Unknown,High,0,0,25.0,16.1,8.05,2,2,0.0
male,3,S,Mr,Alone,male_3,Adult,Unknown,Low,1,0,20.0,7.8542,7.8542,1,1,0.0
female,1,C,Miss,Alone,female_1,Adult,B,VeryHigh,1,1,24.0,69.3,69.3,1,2,1.0
female,3,S,Miss,Large,female_3,Child,Unknown,High,0,0,2.0,27.9,4.6499999999999995,6,6,0.0
male,3,S,Mr,Alone,male_3,Adult,Unknown,VeryHigh,1,0,25.0,56.4958,56.4958,1,8,1.0
female,3,C,Miss,Optimal,female_3,Child,Unknown,High,0,0,0.75,19.2583,4.814575,4,4,1.0
male,1,C,Mr,Small,male_1,Adult,D,VeryHigh,0,1,48.0,76.7292,38.3646,2,3,1.0
male,3,S,Mr,Alone,male_3,Adult,Unknown,Low,1,0,19.0,7.8958,7.8958,1,1,0.0
male,1,C,Rare,Alone,male_1,Adult,A,VeryHigh,1,1,56.0,35.5,35.5,1,1,1.0
male,3,S,Mr,Alone,male_3,Adult,Unknown,Low,1,0,25.0,7.55,7.55,1,1,0.0
female,3,S,Miss,Alone,female_3,Adult,Unknown,Low,1,0,23.0,7.55,7.55,1,1,1.0
male,3,S,Mr,Alone,male_3,Adult,Unknown,Low,1,0,25.0,7.8958,7.8958,1,1,0.0
female,2,S,Miss,Small,female_2,Adult,Unknown,High,0,0,18.0,23.0,11.5,2,2,1.0
male,3,S,Mr,Alone,male_3,Adult,Unknown,Medium,1,0,21.0,8.4333,8.4333,1,1,0.0
female,3,Q,Miss,Alone,female_3,Adult,Unknown,Low,1,0,22.0,7.8292,7.8292,1,1,1.0
female,3,Q,Miss,Alone,female_3,Adult,Unknown,Low,1,0,18.0,6.75,6.75,1,1,0.0
male,2,S,Mr,Optimal,male_2,Adult,Unknown,VeryHigh,0,0,24.0,73.5,24.5,3,7,0.0
male,3,S,Mr,Alone,male_3,Adult,Unknown,Low,1,0,25.0,7.8958,7.8958,1,1,0.0
female,3,Q,Mrs,Optimal,female_3,Adult,Unknown,High,0,0,32.0,15.5,5.166666666666667,3,2,0.0
male,2,S,Mr,Alone,male_2,Adult,Unknown,Medium,1,0,23.0,13.0,13.0,1,1,0.0
male,1,C,Mr,Optimal,male_1,Adult,D,VeryHigh,0,1,58.0,113.275,37.75833333333333,3,3,0.0
male,1,S,Rare,Optimal,male_1,Adult,Unknown,VeryHigh,0,0,50.0,133.65,44.550000000000004,3,2,1.0
male,3,C,Mr,Alone,male_3,Adult,Unknown,Low,1,0,40.0,7.225,7.225,1,1,0.0
male,1,S,Mr,Alone,male_1,Adult,E,High,1,1,47.0,25.5875,25.5875,1,1,0.0
male,3,S,Mr,Alone,male_3,Adult,Unknown,Low,1,0,36.0,7.4958,7.4958,1,1,0.0
male,3,S,Mr,Small,male_3,Adult,Unknown,Medium,0,0,20.0,7.925,3.9625,2,1,1.0
male,2,S,Mr,Optimal,male_2,Adult,Unknown,VeryHigh,0,0,32.0,73.5,24.5,3,7,0.0
male,2,S,Mr,Alone,male_2,Adult,Unknown,Medium,1,0,25.0,13.0,13.0,1,1,0.0
male,3,S,Mr,Alone,male_3,Adult,Unknown,Low,1,0,25.0,7.775,7.775,1,1,0.0
male,3,S,Mr,Alone,male_3,Adult,Unknown,Medium,1,0,43.0,8.05,8.05,1,1,0.0
female,1,S,Mrs,Small,female_1,Adult,C,VeryHigh,0,1,36.0,52.0,26.0,2,2,1.0
female,2,S,Mrs,Optimal,female_2,Adult,Unknown,VeryHigh,0,0,40.0,39.0,13.0,3,3,1.0
male,1,S,Mr,Small,male_1,Adult,B,VeryHigh,0,1,31.0,52.0,26.0,2,2,0.0
male,2,S,Mr,Alone,male_2,Elderly,Unknown,Medium,1,0,70.0,10.5,10.5,1,1,0.0
male,2,S,Mr,Alone,male_2,Adult,Unknown,Medium,1,0,31.0,13.0,13.0,1,1,1.0
male,2,S,Mr,Alone,male_2,Adult,Unknown,Low,1,0,29.5,0.0,0.0,1,1,0.0
male,3,S,Mr,Alone,male_3,Adult,Unknown,Low,1,0,18.0,7.775,7.775,1,1,0.0
male,3,S,Mr,Alone,male_3,Adult,Unknown,Medium,1,0,24.5,8.05,8.05,1,1,0.0
female,3,S,Miss,Alone,female_3,Adult,Unknown,Medium,1,0,18.0,9.8417,9.8417,1,1,1.0
female,3,S,Mrs,Large,female_3,Adult,Unknown,VeryHigh,0,0,43.0,46.9,5.8625,8,8,0.0
male,1,C,Mr,Small,male_1,Adult,B,VeryHigh,0,1,36.0,512.3292,256.1646,2,4,1.0
female,3,Q,Miss,Alone,female_3,Adult,Unknown,Medium,1,0,22.0,8.1375,8.1375,1,1,0.0
male,1,C,Mr,Alone,male_1,Adult,D,VeryHigh,1,1,27.0,76.7292,76.7292,1,3,1.0
male,3,S,Mr,Alone,male_3,Adult,Unknown,Medium,1,0,20.0,9.225,9.225,1,1,0.0
male,3,S,Mr,Large,male_3,Child,Unknown,VeryHigh,0,0,14.0,46.9,5.8625,8,8,0.0
male,2,S,Mr,Optimal,male_2,Elderly,Unknown,VeryHigh,0,0,60.0,39.0,13.0,3,3,0.0
male,2,C,Mr,Optimal,male_2,Adult,Unknown,VeryHigh,0,0,25.0,41.5792,10.3948,4,4,0.0
male,3,S,Mr,Large,male_3,Child,Unknown,VeryHigh,0,0,14.0,39.6875,6.614583333333333,6,7,0.0
male,3,S,Mr,Alone,male_3,Adult,Unknown,Medium,1,0,19.0,10.1708,10.1708,1,1,0.0
male,3,S,Mr,Alone,male_3,Adult,Unknown,Low,1,0,18.0,7.7958,7.7958,1,1,0.0
female,1,S,Miss,Small,female_1,Child,B,VeryHigh,0,1,15.0,211.3375,105.66875,2,4,1.0
male,1,S,Mr,Small,male_1,Adult,B,VeryHigh,0,1,31.0,57.0,28.5,2,2,1.0
female,3,C,Miss,Small,female_3,Child,Unknown,Medium,0,0,4.0,13.4167,6.70835,2,2,1.0
male,3,S,Mr,Alone,male_3,Adult,Unknown,VeryHigh,1,0,25.0,56.4958,56.4958,1,8,1.0
male,3,C,Mr,Alone,male_3,Adult,Unknown,Low,1,0,25.0,7.225,7.225,1,1,0.0
male,1,S,Rare,Alone,male_1,Elderly,Unknown,High,1,0,60.0,26.55,26.55,1,1,0.0
male,2,S,Mr,Alone,male_2,Adult,Unknown,Medium,1,0,52.0,13.5,13.5,1,1,0.0
male,3,S,Mr,Alone,male_3,Adult,Unknown,Medium,1,0,44.0,8.05,8.05,1,1,0.0
female,3,Q,Miss,Alone,female_3,Adult,Unknown,Low,1,0,22.0,7.7333,7.7333,1,1,1.0
male,1,C,Mr,Optimal,male_1,Adult,C,VeryHigh,0,1,49.0,110.8833,36.9611,3,4,0.0
male,3,S,Mr,Alone,male_3,Adult,F,Low,1,1,42.0,7.65,7.65,1,1,0.0
female,1,C,Mrs,Small,female_1,Adult,C,VeryHigh,0,1,18.0,227.525,113.7625,2,5,1.0
male,1,S,Mr,Alone,male_1,Adult,E,High,1,1,35.0,26.2875,26.2875,1,1,1.0
female,3,C,Miss,Small,female_3,Adult,Unknown,Medium,0,0,18.0,14.4542,7.2271,2,2,0.0
male,3,Q,Mr,Alone,male_3,Adult,Unknown,Low,1,0,25.0,7.7417,7.7417,1,1,0.0
male,3,S,Mr,Small,male_3,Adult,Unknown,Low,0,0,26.0,7.8542,3.9271,2,1,0.0
male,2,S,Mr,Alone,male_2,Adult,Unknown,High,1,0,39.0,26.0,26.0,1,2,0.0
female,2,S,Mrs,Alone,female_2,Adult,Unknown,Medium,1,0,45.0,13.5,13.5,1,1,1.0
male,1,S,Mr,Alone,male_1,Adult,E,High,1,1,42.0,26.2875,26.2875,1,1,1.0
female,1,S,Miss,Alone,female_1,Adult,Unknown,VeryHigh,1,0,22.0,151.55,151.55,1,6,1.0
male,3,C,Master,Optimal,male_3,Adult,Unknown,High,0,0,25.0,15.2458,5.081933333333333,3,3,1.0
female,1,C,Miss,Alone,female_1,Adult,C,VeryHigh,1,1,24.0,49.5042,49.5042,1,1,1.0
male,1,S,Mr,Alone,male_1,Adult,C,High,1,1,42.0,26.55,26.55,1,1,0.0
male,1,S,Mr,Small,male_1,Adult,C,VeryHigh,0,1,48.0,52.0,26.0,2,2,1.0
male,3,S,Mr,Alone,male_3,Adult,Unknown,Medium,1,0,29.0,9.4833,9.4833,1,1,0.0
male,2,S,Mr,Alone,male_2,Adult,Unknown,Medium,1,0,52.0,13.0,13.0,1,2,0.0
male,3,S,Mr,Alone,male_3,Adult,F,Low,1,1,19.0,7.65,7.65,1,1,0.0
female,1,C,Miss,Alone,female_1,Adult,C,VeryHigh,1,1,38.0,227.525,227.525,1,5,1.0
female,2,S,Miss,Alone,female_2,Adult,E,Medium,1,1,27.0,10.5,10.5,1,1,1.0
male,3,Q,Mr,Alone,male_3,Adult,Unknown,High,1,0,25.0,15.5,15.5,1,2,0.0
male,3,S,Mr,Alone,male_3,Adult,Unknown,Low,1,0,33.0,7.775,7.775,1,1,0.0
female,2,S,Miss,Small,female_2,Child,Unknown,VeryHigh,0,0,6.0,33.0,16.5,2,3,1.0
male,3,S,Mr,Small,male_3,Adult,Unknown,Low,0,0,17.0,7.0542,3.5271,2,1,0.0
male,2,S,Mr,Alone,male_2,Adult,Unknown,Medium,1,0,34.0,13.0,13.0,1,1,0.0
male,2,S,Mr,Alone,male_2,Adult,Unknown,Medium,1,0,50.0,13.0,13.0,1,1,0.0
male,1,S,Mr,Small,male_1,Adult,E,VeryHigh,0,1,27.0,53.1,26.55,2,2,1.0
male,3,S,Mr,Alone,male_3,Adult,Unknown,Medium,1,0,20.0,8.6625,8.6625,1,1,0.0
female,2,S,Mrs,Optimal,female_2,Adult,Unknown,High,0,0,30.0,21.0,5.25,4,2,1.0
female,3,Q,Miss,Alone,female_3,Adult,Unknown,Low,1,0,22.0,7.7375,7.7375,1,1,1.0
male,2,S,Mr,Small,male_2,Adult,Unknown,High,0,0,25.0,26.0,13.0,2,2,0.0
female,3,S,Miss,Small,female_3,Adult,Unknown,Medium,0,0,25.0,7.925,3.9625,2,1,0.0
female,1,S,Miss,Alone,female_1,Adult,B,VeryHigh,1,1,29.0,211.3375,211.3375,1,4,1.0
male,3,C,Mr,Alone,male_3,Child,Unknown,High,1,0,11.0,18.7875,18.7875,1,2,0.0
male,2,S,Mr,Alone,male_2,Adult,Unknown,Low,1,0,29.5,0.0,0.0,1,1,0.0
male,2,S,Mr,Alone,male_2,Adult,Unknown,Medium,1,0,23.0,13.0,13.0,1,1,0.0
male,2,S,Mr,Alone,male_2,Adult,Unknown,Medium,1,0,23.0,13.0,13.0,1,1,0.0
male,3,S,Mr,Alone,male_3,Adult,Unknown,High,1,0,28.5,16.1,16.1,1,2,0.0
female,3,S,Mrs,Large,female_3,Adult,Unknown,VeryHigh,0,0,48.0,34.375,6.875,5,5,0.0
male,1,C,Mr,Alone,male_1,Adult,B,VeryHigh,1,1,35.0,512.3292,512.3292,1,4,1.0
male,3,S,Mr,Alone,male_3,Adult,Unknown,Low,1,0,25.0,7.8958,7.8958,1,1,0.0
male,3,S,Mr,Alone,male_3,Adult,Unknown,Low,1,0,25.0,7.8958,7.8958,1,1,0.0
male,1,S,Mr,Alone,male_1,Adult,D,High,1,1,42.0,30.0,30.0,1,1,1.0
male,1,S,Mr,Small,male_1,Adult,C,VeryHigh,0,1,36.0,78.85,39.425,2,3,0.0
female,1,C,Miss,Large,female_1,Adult,B,VeryHigh,0,1,21.0,262.375,52.475,5,7,1.0
male,3,S,Mr,Small,male_3,Adult,Unknown,High,0,0,24.0,16.1,8.05,2,2,0.0
male,3,S,Mr,Alone,male_3,Adult,Unknown,Medium,1,0,31.0,7.925,7.925,1,1,1.0
male,1,S,Rare,Optimal,male_1,Elderly,B,VeryHigh,0,1,70.0,71.0,23.666666666666668,3,2,0.0
male,3,S,Mr,Optimal,male_3,Adult,Unknown,High,0,0,16.0,20.25,6.75,3,3,0.0
female,2,S,Miss,Alone,female_2,Adult,Unknown,Medium,1,0,30.0,13.0,13.0,1,1,1.0
male,1,S,Mr,Small,male_1,Adult,D,VeryHigh,0,1,19.0,53.1,26.55,2,2,0.0
male,3,Q,Mr,Alone,male_3,Adult,Unknown,Low,1,0,31.0,7.75,7.75,1,1,0.0
female,2,S,Miss,Optimal,female_2,Child,Unknown,High,0,0,4.0,23.0,7.666666666666667,3,3,1.0
male,3,S,Master,Small,male_3,Child,E,Medium,0,1,6.0,12.475,6.2375,2,2,1.0
male,3,S,Mr,Alone,male_3,Adult,Unknown,Medium,1,0,33.0,9.5,9.5,1,1,0.0
male,3,S,Mr,Alone,male_3,Adult,Unknown,Low,1,0,23.0,7.8958,7.8958,1,1,0.0
female,2,S,Mrs,Optimal,female_2,Adult,Unknown,VeryHigh,0,0,48.0,65.0,16.25,4,5,1.0
male,2,S,Master,Optimal,male_2,Child,Unknown,High,0,0,0.67,14.5,4.833333333333333,3,2,1.0
male,3,S,Mr,Alone,male_3,Adult,Unknown,Low,1,0,28.0,7.7958,7.7958,1,1,0.0
male,2,S,Mr,Alone,male_2,Adult,Unknown,Medium,1,0,18.0,11.5,11.5,1,1,0.0
male,3,S,Mr,Alone,male_3,Adult,Unknown,Medium,1,0,34.0,8.05,8.05,1,1,0.0
female,1,S,Rare,Alone,female_1,Adult,B,VeryHigh,1,1,33.0,86.5,86.5,1,3,1.0
male,3,S,Mr,Alone,male_3,Adult,Unknown,High,1,0,25.0,14.5,14.5,1,2,0.0
male,3,S,Mr,Alone,male_3,Adult,Unknown,Low,1,0,41.0,7.125,7.125,1,1,0.0
male,3,C,Mr,Alone,male_3,Adult,Unknown,Low,1,0,20.0,7.2292,7.2292,1,1,1.0
female,1,S,Mrs,Optimal,female_1,Adult,B,VeryHigh,0,1,36.0,120.0,30.0,4,4,1.0
male,3,S,Mr,Alone,male_3,Adult,Unknown,Low,1,0,16.0,7.775,7.775,1,1,0.0
female,1,S,Mrs,Small,female_1,Adult,D,VeryHigh,0,1,51.0,77.9583,38.97915,2,3,1.0
male,1,C,Rare,Alone,male_1,Adult,Unknown,VeryHigh,1,0,42.0,39.6,39.6,1,1,0.0
female,3,Q,Miss,Alone,female_3,Adult,Unknown,Low,1,0,30.5,7.75,7.75,1,1,0.0
male,3,Q,Mr,Small,male_3,Adult,Unknown,High,0,0,25.0,24.15,12.075,2,3,0.0
male,3,S,Mr,Alone,male_3,Adult,Unknown,Medium,1,0,32.0,8.3625,8.3625,1,1,0.0
male,3,S,Mr,Alone,male_3,Adult,Unknown,Medium,1,0,24.0,9.5,9.5,1,1,0.0
male,3,S,Mr,Alone,male_3,Adult,Unknown,Low,1,0,48.0,7.8542,7.8542,1,1,0.0
female,2,S,Mrs,Alone,female_2,Adult,E,Medium,1,1,57.0,10.5,10.5,1,2,0.0
male,3,C,Mr,Alone,male_3,Adult,Unknown,Low,1,0,25.0,7.225,7.225,1,1,0.0
female,2,S,Mrs,Large,female_2,Adult,Unknown,High,0,0,54.0,23.0,4.6,5,2,1.0
male,3,S,Mr,Alone,male_3,Adult,Unknown,Low,1,0,18.0,7.75,7.75,1,1,0.0
male,3,Q,Mr,Alone,male_3,Adult,F,Low,1,1,25.0,7.75,7.75,1,1,0.0
female,3,S,Miss,Alone,female_3,Child,Unknown,Medium,1,0,5.0,12.475,12.475,1,2,1.0
male,3,Q,Mr,Alone,male_3,Adult,Unknown,Low,1,0,25.0,7.7375,7.7375,1,1,0.0
female,1,S,Mrs,Small,female_1,Adult,B,VeryHigh,0,1,43.0,211.3375,105.66875,2,4,1.0
female,3,C,Miss,Alone,female_3,Child,Unknown,Low,1,0,13.0,7.2292,7.2292,1,1,1.0
female,1,S,Mrs,Small,female_1,Adult,B,VeryHigh,0,1,17.0,57.0,28.5,2,2,1.0
male,1,S,Mr,Alone,male_1,Adult,D,High,1,1,29.0,30.0,30.0,1,1,0.0
male,3,S,Mr,Optimal,male_3,Adult,Unknown,High,0,0,25.0,23.45,5.8625,4,4,0.0
male,3,S,Mr,Alone,male_3,Adult,Unknown,Low,1,0,25.0,7.05,7.05,1,1,0.0
male,3,S,Mr,Alone,male_3,Adult,Unknown,Low,1,0,25.0,7.25,7.25,1,1,0.0
female,3,S,Miss,Alone,female_3,Adult,Unknown,Low,1,0,18.0,7.4958,7.4958,1,1,1.0
male,3,Q,Master,Large,male_3,Child,Unknown,High,0,0,8.0,29.125,4.854166666666667,6,6,0.0
male,3,S,Master,Optimal,male_3,Child,Unknown,High,0,0,1.0,20.575,5.14375,4,4,1.0
male,1,C,Mr,Alone,male_1,Adult,B,VeryHigh,1,1,46.0,79.2,79.2,1,2,0.0
male,3,Q,Mr,Alone,male_3,Adult,Unknown,Low,1,0,25.0,7.75,7.75,1,1,0.0
male,2,S,Mr,Alone,male_2,Adult,Unknown,High,1,0,16.0,26.0,26.0,1,2,0.0
female,3,S,Miss,Large,female_3,Adult,Unknown,VeryHigh,0,0,22.0,69.55,6.322727272727272,11,11,0.0
male,1,C,Mr,Alone,male_1,Adult,Unknown,High,1,0,42.0,30.6958,30.6958,1,1,0.0
male,3,S,Mr,Alone,male_3,Adult,Unknown,Low,1,0,25.0,7.8958,7.8958,1,1,0.0
male,2,S,Mr,Alone,male_2,Adult,Unknown,Medium,1,0,39.0,13.0,13.0,1,1,0.0
female,1,S,Rare,Alone,female_1,Adult,D,High,1,1,49.0,25.9292,25.9292,1,1,1.0
female,3,S,Mrs,Alone,female_3,Adult,Unknown,Medium,1,0,31.0,8.6833,8.6833,1,1,1.0
male,3,C,Mr,Alone,male_3,Adult,Unknown,Low,1,0,30.0,7.2292,7.2292,1,1,0.0
female,3,S,Mrs,Optimal,female_3,Adult,Unknown,High,0,0,30.0,24.15,8.049999999999999,3,3,0.0
male,2,S,Mr,Alone,male_2,Adult,Unknown,Medium,1,0,34.0,13.0,13.0,1,2,0.0
female,2,S,Mrs,Optimal,female_2,Adult,Unknown,High,0,0,31.0,26.25,8.75,3,3,1.0
male,1,S,Master,Optimal,male_1,Child,B,VeryHigh,0,1,11.0,120.0,30.0,4,4,1.0
male,3,C,Master,Small,male_3,Child,Unknown,Medium,0,0,0.42,8.5167,4.25835,2,2,1.0
male,3,S,Mr,Alone,male_3,Adult,Unknown,Low,1,0,27.0,6.975,6.975,1,1,1.0
male,3,S,Mr,Alone,male_3,Adult,Unknown,Low,1,0,31.0,7.775,7.775,1,1,0.0
male,1,S,Mr,Alone,male_1,Adult,A,Low,1,1,39.0,0.0,0.0,1,1,0.0
female,3,S,Miss,Alone,female_3,Adult,Unknown,Low,1,0,18.0,7.775,7.775,1,1,0.0
male,2,S,Mr,Alone,male_2,Adult,Unknown,Medium,1,0,39.0,13.0,13.0,1,1,0.0
female,1,S,Mrs,Small,female_1,Adult,E,VeryHigh,0,1,33.0,53.1,26.55,2,2,1.0
male,3,S,Mr,Alone,male_3,Adult,Unknown,Low,1,0,26.0,7.8875,7.8875,1,1,0.0
male,3,S,Mr,Alone,male_3,Adult,Unknown,High,1,0,39.0,24.15,24.15,1,3,0.0
male,2,S,Mr,Alone,male_2,Adult,Unknown,Medium,1,0,35.0,10.5,10.5,1,1,0.0
female,3,S,Miss,Large,female_3,Child,Unknown,High,0,0,6.0,31.275,4.4678571428571425,7,7,0.0
male,3,S,Mr,Alone,male_3,Adult,Unknown,Medium,1,0,30.5,8.05,8.05,1,1,0.0
male,1,S,Mr,Alone,male_1,Adult,B,Low,1,1,42.0,0.0,0.0,1,2,0.0
female,3,S,Miss,Alone,female_3,Adult,Unknown,Medium,1,0,23.0,7.925,7.925,1,1,0.0
male,2,C,Mr,Optimal,male_2,Adult,Unknown,VeryHigh,0,0,31.0,37.0042,12.334733333333332,3,3,0.0
male,3,S,Mr,Alone,male_3,Adult,Unknown,Low,1,0,43.0,6.45,6.45,1,1,0.0
male,3,S,Master,Large,male_3,Child,Unknown,High,0,0,10.0,27.9,4.6499999999999995,6,6,0.0
female,1,S,Mrs,Optimal,female_1,Adult,B,VeryHigh,0,1,52.0,93.5,31.166666666666668,3,4,1.0
male,3,S,Mr,Alone,male_3,Adult,Unknown,Medium,1,0,27.0,8.6625,8.6625,1,1,1.0
male,1,S,Rare,Alone,male_1,Adult,Unknown,Low,1,0,38.0,0.0,0.0,1,1,0.0
female,3,S,Mrs,Small,female_3,Adult,E,Medium,0,1,27.0,12.475,6.2375,2,2,1.0
male,3,S,Master,Large,male_3,Child,Unknown,VeryHigh,0,0,2.0,39.6875,6.614583333333333,6,7,0.0
male,3,Q,Mr,Alone,male_3,Adult,Unknown,Low,1,0,25.0,6.95,6.95,1,1,0.0
male,3,S,Mr,Alone,male_3,Adult,Unknown,VeryHigh,1,0,25.0,56.4958,56.4958,1,8,0.0
male,2,C,Master,Optimal,male_2,Child,Unknown,VeryHigh,0,0,1.0,37.0042,12.334733333333332,3,3,1.0
male,3,Q,Mr,Alone,male_3,Adult,Unknown,Low,1,0,25.0,7.75,7.75,1,1,1.0
female,1,S,Mrs,Alone,female_1,Elderly,B,VeryHigh,1,1,62.0,80.0,80.0,1,2,1.0
female,3,C,Mrs,Small,female_3,Child,Unknown,Medium,0,0,15.0,14.4542,7.2271,2,2,1.0
male,2,S,Master,Optimal,male_2,Child,Unknown,High,0,0,0.83,18.75,6.25,3,3,1.0
male,3,C,Mr,Alone,male_3,Adult,Unknown,Low,1,0,25.0,7.2292,7.2292,1,1,0.0
male,3,S,Mr,Alone,male_3,Adult,Unknown,Low,1,0,23.0,7.8542,7.8542,1,1,0.0
male,3,S,Mr,Alone,male_3,Adult,Unknown,Medium,1,0,18.0,8.3,8.3,1,1,0.0
female,1,C,Miss,Optimal,female_1,Adult,E,VeryHigh,0,1,39.0,83.1583,27.71943333333333,3,3,1.0
male,3,S,Mr,Alone,male_3,Adult,Unknown,Medium,1,0,21.0,8.6625,8.6625,1,1,0.0
male,3,S,Mr,Alone,male_3,Adult,Unknown,Medium,1,0,25.0,8.05,8.05,1,1,0.0
male,3,S,Mr,Alone,male_3,Adult,Unknown,VeryHigh,1,0,32.0,56.4958,56.4958,1,8,1.0
male,1,C,Mr,Alone,male_1,Adult,C,High,1,1,42.0,29.7,29.7,1,1,1.0
male,3,S,Mr,Alone,male_3,Adult,Unknown,Medium,1,0,20.0,7.925,7.925,1,1,0.0
male,2,S,Mr,Alone,male_2,Adult,Unknown,Medium,1,0,16.0,10.5,10.5,1,2,0.0
female,1,C,Miss,Alone,female_1,Adult,Unknown,High,1,0,30.0,31.0,31.0,1,2,1.0
male,3,C,Mr,Alone,male_3,Adult,Unknown,Low,1,0,34.5,6.4375,6.4375,1,1,0.0
male,3,S,Mr,Alone,male_3,Adult,Unknown,Medium,1,0,17.0,8.6625,8.6625,1,1,0.0
male,3,S,Mr,Alone,male_3,Adult,Unknown,Low,1,0,42.0,7.55,7.55,1,1,0.0
male,3,S,Mr,Large,male_3,Adult,Unknown,VeryHigh,0,0,25.0,69.55,6.322727272727272,11,11,0.0
male,3,C,Mr,Alone,male_3,Adult,Unknown,Low,1,0,35.0,7.8958,7.8958,1,1,0.0
male,2,S,Rare,Small,male_2,Adult,Unknown,VeryHigh,0,0,28.0,33.0,16.5,2,3,0.0
female,1,C,Mrs,Small,female_1,Adult,C,VeryHigh,0,1,36.0,89.1042,44.5521,2,2,1.0
male,3,S,Master,Large,male_3,Child,Unknown,High,0,0,4.0,31.275,4.4678571428571425,7,7,0.0
male,3,S,Mr,Alone,male_3,Elderly,Unknown,Low,1,0,74.0,7.775,7.775,1,1,0.0
female,3,C,Miss,Optimal,female_3,Child,Unknown,High,0,0,9.0,15.2458,5.081933333333333,3,3,0.0
female,1,S,Miss,Small,female_1,Adult,D,VeryHigh,0,1,16.0,39.4,19.7,2,2,1.0
female,2,S,Mrs,Small,female_2,Adult,Unknown,High,0,0,44.0,26.0,13.0,2,2,0.0
female,3,S,Mrs,Small,female_3,Adult,Unknown,Medium,0,0,18.0,9.35,4.675,2,2,1.0
female,1,S,Mrs,Optimal,female_1,Adult,Unknown,VeryHigh,0,0,45.0,164.8667,54.95556666666667,3,4,1.0
male,1,S,Mr,Alone,male_1,Adult,E,High,1,1,51.0,26.55,26.55,1,1,1.0
female,3,C,Mrs,Optimal,female_3,Adult,Unknown,High,0,0,24.0,19.2583,4.814575,4,4,1.0
male,3,C,Mr,Alone,male_3,Adult,Unknown,Low,1,0,25.0,7.2292,7.2292,1,1,0.0
male,3,S,Mr,Optimal,male_3,Adult,Unknown,Medium,0,0,41.0,14.1083,4.702766666666666,3,2,0.0
male,2,S,Mr,Small,male_2,Adult,Unknown,Medium,0,0,21.0,11.5,5.75,2,1,0.0
female,1,S,Mrs,Alone,female_1,Adult,D,High,1,1,48.0,25.9292,25.9292,1,1,1.0
female,3,S,Miss,Large,female_3,Adult,Unknown,VeryHigh,0,0,22.0,69.55,6.322727272727272,11,11,0.0
male,2,S,Mr,Alone,male_2,Adult,Unknown,Medium,1,0,24.0,13.0,13.0,1,1,0.0
female,2,S,Mrs,Alone,female_2,Adult,Unknown,Medium,1,0,42.0,13.0,13.0,1,1,1.0
female,2,C,Miss,Small,female_2,Adult,Unknown,Medium,0,0,27.0,13.8583,6.92915,2,1,1.0
male,1,S,Mr,Alone,male_1,Adult,A,VeryHigh,1,1,31.0,50.4958,50.4958,1,1,0.0
male,3,S,Mr,Alone,male_3,Adult,Unknown,Medium,1,0,25.0,9.5,9.5,1,1,0.0
male,3,S,Master,Optimal,male_3,Child,Unknown,Medium,0,0,4.0,11.1333,3.7111,3,3,1.0
male,3,S,Mr,Alone,male_3,Adult,Unknown,Low,1,0,26.0,7.8958,7.8958,1,1,0.0
female,1,S,Mrs,Optimal,female_1,Adult,D,VeryHigh,0,1,47.0,52.5542,17.518066666666666,3,2,1.0
male,1,S,Mr,Alone,male_1,Adult,B,Low,1,1,33.0,5.0,5.0,1,1,0.0
male,3,S,Mr,Alone,male_3,Adult,Unknown,Medium,1,0,47.0,9.0,9.0,1,1,0.0
female,2,C,Mrs,Small,female_2,Adult,Unknown,High,0,0,28.0,24.0,12.0,2,2,1.0
female,3,C,Miss,Alone,female_3,Child,Unknown,Low,1,0,15.0,7.225,7.225,1,1,1.0
male,3,S,Mr,Alone,male_3,Adult,Unknown,Medium,1,0,20.0,9.8458,9.8458,1,2,0.0
male,3,S,Mr,Alone,male_3,Adult,Unknown,Low,1,0,19.0,7.8958,7.8958,1,1,0.0
male,3,S,Mr,Alone,male_3,Adult,Unknown,Low,1,0,25.0,7.8958,7.8958,1,1,0.0
female,1,C,Mrs,Small,female_1,Adult,C,VeryHigh,0,1,56.0,83.1583,41.57915,2,3,1.0
female,2,S,Mrs,Small,female_2,Adult,Unknown,High,0,0,25.0,26.0,13.0,2,2,1.0
male,3,S,Mr,Alone,male_3,Adult,Unknown,Low,1,0,33.0,7.8958,7.8958,1,1,0.0
female,3,S,Miss,Alone,female_3,Adult,Unknown,Medium,1,0,22.0,10.5167,10.5167,1,1,0.0
male,2,S,Mr,Alone,male_2,Adult,Unknown,Medium,1,0,28.0,10.5,10.5,1,1,0.0
male,3,S,Mr,Alone,male_3,Adult,Unknown,Low,1,0,25.0,7.05,7.05,1,1,0.0
female,3,Q,Mrs,Large,female_3,Adult,Unknown,High,0,0,39.0,29.125,4.854166666666667,6,6,0.0
male,2,S,Rare,Alone,male_2,Adult,Unknown,Medium,1,0,27.0,13.0,13.0,1,1,0.0
female,1,S,Miss,Alone,female_1,Adult,B,High,1,1,19.0,30.0,30.0,1,1,1.0
female,3,S,Miss,Optimal,female_3,Adult,Unknown,High,0,0,22.0,23.45,5.8625,4,4,0.0
male,1,C,Mr,Alone,male_1,Adult,C,High,1,1,26.0,30.0,30.0,1,1,1.0
male,3,Q,Mr,Alone,male_3,Adult,Unknown,Low,1,0,32.0,7.75,7.75,1,1,0.0
